SPORE,Total renewable capacity,Electrolysis capacity ,Transport electrification,Heat electrification,Average national import,Grid transfer capacity
0,0.415435626,0.191,1,0.984699912,0.379129297,0.67466975
1,0.320656826,0.354,0.607053379,0.920690231,0.37941537,0.550322223
2,0.55428535,0.403,0.997971649,0.710497876,0.266971465,0.487368073
3,0.551714777,0.399,0.987369992,0.709598848,0.264613564,0.457353363
4,0.645357872,0.76,1,0.054679562,0.519734154,0.563936704
5,0.265278705,0.265,1,0.940473812,0.378906395,0.507453904
6,0.123196375,0.276,1,0.571792135,0.182923997,0.21723539
7,0.21306117,0.288,1,0.960226537,0.375731608,0.488824549
8,0.15377733,0.044,1,0.997897051,0.370731291,0.517924878
9,0.216302087,0.283,1,0.947934784,0.408147952,0.515869397
10,0.094399309,0.251,0.999833902,0.906341164,0.446683328,0.542478922
11,0.186363775,0.306,1,0.98197204,0.354437423,0.503898732
12,0.549415666,0.404,0.985726396,0.714105142,0.273954874,0.466202453
13,0.44368977,0.382,0.943459534,0.927677436,0.354661205,0.557696254
14,0.495766034,0.3,1,0.978775928,0.455759571,0.564060563
15,0.166336573,0.29,1,0.933231228,0.314463138,0.463699698
16,0.188510536,0.04,1,0.997460363,0.341344188,0.506766587
17,0.534848162,0.308,1,0.963518901,0.459897117,0.546027883
18,0.135636508,0.244,1,0.968335223,0.349922216,0.485718892
19,0.544967023,0.408,0.986236539,0.715270755,0.275670743,0.490140775
20,0.134290281,0.274,1,0.96757772,0.360825234,0.520822911
21,0.490605497,0.298,1,0.994206354,0.371873175,0.679383894
22,0.08081239,0.185,1,0.947866903,0.346427435,0.531528705
23,0.534197208,0.303,1,0.987510946,0.452940353,0.547122047
24,0.241711425,0.318,0.670831664,0.905362744,0.313298026,0.542249653
25,0.189568681,0.306,1,0.990686232,0.354435086,0.507737637
26,0.14999349,0.3,1,0.959796372,0.380191864,0.501801764
27,0.289760089,0,0.99994726,0.997850361,0.44417917,0.831111362
28,0.528917562,0.303,1,0.987732441,0.470572426,0.551235863
29,0.216302087,0.283,1,0.947934784,0.408147952,0.515869397
30,0.131672618,0.31,1,0.959294096,0.331436379,0.499262904
31,0.160087422,0.253,1,0.974054908,0.356054106,0.514154707
32,0.689063154,0.526,0.99742084,0.949047114,0.275940079,0.567592008
33,0.462210083,0.306,1,0.972348952,0.417411518,0.544653751
34,0.132378971,0.226,1,0.932275723,0.33156846,0.468294342
35,0.161236977,0.271,0.909868729,0.885145135,0.443662027,0.547724526
36,0.083233382,0.257,0.999895829,0.891516706,0.383169536,0.564260497
37,0.169491619,0.229,1,0.757263087,0.403671036,0.408443169
38,0.238811221,0.286,1,0.965723293,0.344222435,0.530242031
39,0.132378971,0.226,1,0.932275723,0.33156846,0.468294342
40,0.210609708,0.302,1,0.943453019,0.407179538,0.532147541
41,0.261118144,0.509,1,0.336613051,0.267525682,0.337516681
42,0.294998186,0.553,1,0.276932897,0.337960838,0.286962176
43,0.17752466,0.263,1,0.988865209,0.35825344,0.483691676
44,0.131672618,0.31,1,0.959294096,0.331436379,0.499262904
45,0.214789659,0.281,1,0.950251497,0.433159113,0.49723991
46,0.131672618,0.31,1,0.959294096,0.331436379,0.499262904
47,0.132365121,0.226,1,0.932261196,0.336104183,0.468296696
48,0.199069829,0.317,1,0.953667148,0.361487242,0.4579932
49,0.200590567,0.209,1,0.815936328,0.352657321,0.429962914
50,0.534197208,0.303,1,0.987510946,0.452940353,0.547122047
51,0.160087422,0.253,1,0.974054908,0.356054106,0.514154707
52,0.216645568,0.277,1,0.92557064,0.39835476,0.504472052
53,0.172959677,0.251,1,0.95527793,0.331071651,0.47025306
54,0.122866743,0.211,1,0.789575892,0.353960873,0.410339906
55,0.216302087,0.283,1,0.947934784,0.408147952,0.515869397
56,0.132041029,0.218,1,0.920659444,0.376558929,0.491692157
57,0.417430036,0.359,0.583557216,0.926013926,0.290037477,0.593263702
58,0.204662488,0.221,1,0.792156962,0.327650279,0.36321721
59,0.163029177,0.278,1,0.960535538,0.366063118,0.536330365
60,0.238786291,0.286,1,0.965705928,0.363692611,0.530229364
61,0.216302087,0.283,1,0.947934784,0.408147952,0.515869397
62,0.190806877,0.306,1,0.99370452,0.365069647,0.50861816
63,0.24856998,0.289,1,0.954036429,0.31981471,0.488065511
64,0.164602545,0.197,1,0.957849927,0.389999386,0.500112464
65,0.219914185,0.279,1,0.951270179,0.426382436,0.501297083
66,0.166538784,0.227,1,0.954355789,0.320476938,0.473005124
67,0.173987352,0.296,1,0.955552211,0.384447858,0.463075455
68,0.163117817,0.278,1,0.960544008,0.341267999,0.536317853
69,0.132378971,0.226,1,0.932275723,0.33156846,0.468294342
70,0.160087422,0.253,1,0.974054908,0.356054106,0.514154707
71,0.115487426,0.059,1,0.987152073,0.361104175,0.521430233
72,0.144954835,0.236,1,0.955534123,0.343093697,0.475252926
73,0.185590941,0.306,1,0.999043892,0.348930496,0.511923297
74,0.133894169,0.239,1,0.949171619,0.35717861,0.422663106
75,0.164691185,0.251,1,0.97385619,0.348589806,0.514920037
76,0.152323072,0.042,1,0.995077132,0.413860319,0.541919889
77,0.144406372,0.296,0.959924301,0.892438167,0.447106959,0.554287835
78,0.547376935,0.393,0.985348585,0.717580422,0.2777203,0.478052066
79,0.554576202,0.398,1,0.710150997,0.274121308,0.473213128
80,0.238811221,0.286,1,0.965723293,0.344222435,0.530242031
81,0.127664407,0.206,1,0.932491434,0.382354023,0.468735772
82,0.195895393,0.241,1,0.729255793,0.392198434,0.369436523
83,0.549415666,0.404,0.985726396,0.714105142,0.273954874,0.466202453
84,0.184740547,0.517,0.999999025,0.391043252,0.398833105,0.382643558
85,0.150018421,0.3,1,0.959751378,0.385357128,0.501687134
86,0.164633015,0.199,1,0.820728504,0.342084801,0.413156761
87,0.174311444,0.07,1,0.997618968,0.357124135,0.552603311
88,0.534197208,0.303,1,0.987510946,0.452940353,0.547122047
89,0.14198538,0.224,1,0.929858006,0.353849579,0.467005348
90,0.621424951,0.306,1,0.98988542,0.352737374,0.593182065
91,0.190806877,0.306,1,0.99370452,0.365069647,0.50861816
92,0.170483284,0.256,1,0.97213926,0.361906057,0.509237812
93,0.199524112,0.311,0.8480731,0.896806702,0.367201398,0.511936119
94,0.132378971,0.226,1,0.932275723,0.33156846,0.468294342
95,0.131672618,0.31,1,0.959294096,0.331436379,0.499262904
96,0.212773089,0.309,0.734534818,0.892253674,0.318428741,0.54595138
97,0.250738901,0.299,1,0.999131065,0.386289353,0.522342391
98,0.150735854,0.226,1,0.948856541,0.353046485,0.493605547
99,0.214152556,0.282,1,0.947522478,0.371009256,0.509940587
100,0.779307441,0.869,0.9953504,0.039815002,0.275727153,0.421636406
101,0.473237509,0.704,1,0.102454341,0.359230275,0.404037439
102,0.200562867,0.19,1,0.926214564,0.30813694,0.45333297
103,0.238786291,0.286,1,0.965705928,0.363692611,0.530229364
104,0.126794623,0.261,1,0.929084209,0.365564136,0.50432481
105,0.108908642,0.212,1,0.947340505,0.364246417,0.453098014
106,0.190806877,0.306,1,0.99370452,0.365069647,0.50861816
107,0.367170902,0.624,1,0.190006252,0.316065784,0.374461955
108,0.132378971,0.226,1,0.932275723,0.33156846,0.468294342
109,0.238841691,0.312,1,0.95892366,0.35373388,0.493314677
110,0.147342587,0.392,1,0.520750062,0.219550239,0.265648308
111,0.534191668,0.303,1,0.987508132,0.453095588,0.547116706
112,0.107756316,0.277,1,0.974327249,0.364464913,0.504503114
113,0.14985222,0.281,1,0.550151569,0.264015205,0.290681052
114,0.143051835,0.3,1,0.951473373,0.379898519,0.47429053
115,0.14784673,0.293,1,0.948754863,0.359251574,0.519501076
116,0.194795698,0.305,1,0.997885292,0.366354775,0.508799942
117,0.59365279,0.303,1,0.991887705,0.316906011,0.621300409
118,0.239032822,0.207,1,0.949023374,0.34473952,0.486675535
119,0.528917562,0.303,1,0.987732441,0.470572426,0.551235863
120,0.205637533,0.296,1,0.952200314,0.299776706,0.469073033
121,0.173987352,0.296,1,0.955552211,0.384447858,0.463075455
122,0.534197208,0.303,1,0.987510946,0.452940353,0.547122047
123,0.534197208,0.303,1,0.987510946,0.452940353,0.547122047
124,0.216302087,0.283,1,0.947934784,0.408147952,0.515869397
125,0.545191394,0.399,0.985451178,0.709954702,0.296916499,0.563502336
126,0.360846959,0.081,0.999936761,0.996913026,0.294007683,0.711878163
127,0.163117817,0.278,1,0.960544008,0.341267999,0.536317853
128,0.153370138,0.245,1,0.968214979,0.413461436,0.527337045
129,0.215867194,0.282,1,0.948038364,0.37237893,0.507024786
130,0.558002709,0.401,0.986224079,0.738466845,0.291182943,0.505855433
131,0.536252559,0.304,1,0.989699025,0.458863796,0.548455085
132,0.160605414,0.247,1,0.955617203,0.336282464,0.510058112
133,0.134481412,0.303,1,0.951912396,0.329523091,0.488838698
134,0.176740746,0.284,1,0.931360254,0.428016049,0.491043737
135,0.190806877,0.306,1,0.99370452,0.365069647,0.50861816
136,0.114775532,0.284,1,0.935711475,0.362512549,0.509318925
137,0.10652089,0.266,1,0.959929076,0.34317278,0.509435045
138,0.182327864,0.247,1,0.974927797,0.342722525,0.51112252
139,0.168236803,0.281,1,0.530720813,0.171762635,0.242878089
140,0.221908595,0.28,1,0.952921417,0.417143564,0.502350916
141,0.554468171,0.406,0.988260331,0.721267908,0.257845674,0.47194928
142,0.811974217,0.357,1,0.995655096,0.459284326,0.742412573
143,0.60350573,0.39,0.991187309,0.71938417,0.194908291,0.428578886
144,0.141550488,0.221,1,0.772005205,0.404913044,0.400294397
145,0.173987352,0.296,1,0.955552211,0.384447858,0.463075455
146,0.230019196,0.275,1,0.939967835,0.440941658,0.498148499
147,0.319811971,0.02,1,0.99938831,0.42413429,0.635182729
148,0.163029177,0.278,1,0.960535538,0.366063118,0.536330365
149,0.131672618,0.31,1,0.959294096,0.331436379,0.499262904
150,0.238811221,0.286,1,0.965723293,0.344222435,0.530242031
151,0.392378029,0.286,1,0.527822096,0.398354568,0.474024163
152,0.190787487,0.306,1,0.993712234,0.349867186,0.508620248
153,0.480123764,0.739,1,0.074578999,0.329305174,0.345673656
154,0.131672618,0.31,1,0.959294096,0.331436379,0.499262904
155,0.114573321,0.096,1,0.965294403,0.383102066,0.464492147
156,0.202324596,0.217,1,0.969727283,0.359980051,0.505438548
157,0.135763928,0.05,1,0.996463612,0.364202716,0.522828111
158,0.656365908,0.607,1,0.712033014,0.339626751,0.46762674
159,0.174051062,0.296,1,0.955607086,0.379075738,0.463114799
160,0.191028479,0.029,1,0.998471733,0.385129911,0.576060907
161,0.160087422,0.253,1,0.974054908,0.356054106,0.514154707
162,0.121786437,0.173,1,0.854515512,0.349125083,0.43305535
163,0.160300713,0.233,1,0.955966811,0.344998794,0.450189778
164,0.158937866,0.281,1,0.952533233,0.332208284,0.505171671
165,0.476281755,0.326,1,0.970639557,0.472273114,0.570412206
166,0.173987352,0.296,1,0.955552211,0.384447858,0.463075455
167,0.112598301,0.2,1,0.820305379,0.424542722,0.41194986
168,0.10652643,0.266,1,0.959943859,0.367983163,0.509439304
169,0.16758308,0.279,1,0.92505274,0.357821602,0.452732888
170,0.180832057,0.194,1,0.936665869,0.359917096,0.465204381
171,0.549451676,0.404,0.986307401,0.713042453,0.272974361,0.465514305
172,0.190806877,0.306,1,0.99370452,0.365069647,0.50861816
173,0.120567631,0.095,1,0.989643081,0.36666742,0.533968724
174,0.219892025,0.533,0.999998947,0.361140555,0.340156302,0.367261782
175,0.160087422,0.253,1,0.974054908,0.356054106,0.514154707
176,0.14784673,0.293,1,0.948754863,0.359251574,0.519501076
177,0.151998981,0.286,1,0.940412416,0.285044085,0.459934323
178,0.106296519,0.166,1,0.852089669,0.307545558,0.423676811
179,0.215770244,0.282,1,0.947983309,0.387761806,0.506976227
180,0.238811221,0.286,1,0.965723293,0.344222435,0.530242031
181,0.169397439,0.236,1,0.975005184,0.365545063,0.492248586
182,0.111379495,0.09,1,0.996923771,0.352585446,0.534022953
183,0.153666529,0.186,1,0.940858937,0.432987211,0.477257439
184,0.177635461,0.305,1,0.949052553,0.29219006,0.472603171
185,0.132378971,0.226,1,0.932275723,0.33156846,0.468294342
186,0.141683448,0.225,1,0.933490613,0.334474027,0.463612481
187,0.147226246,0.299,1,0.960274138,0.380871274,0.511246334
188,0.095967137,0.032,1,0.997851579,0.367915529,0.549160063
189,0.200069804,0.286,1,0.953452773,0.394970795,0.507562806
190,0.212515477,0.282,1,0.947578403,0.392971104,0.510056842
191,0.534197208,0.303,1,0.987503489,0.4531016,0.547119058
192,0.174051062,0.296,1,0.955607086,0.379075738,0.463114799
193,0.176793376,0.221,1,0.92828877,0.272265845,0.45878102
194,0.399948478,0.386,0.526483243,0.947169416,0.302179608,0.604190523
195,0.325872762,0.036,1,0.997763653,0.46553385,0.592904622
196,0.096161038,0.256,0.99744759,0.899440817,0.405980968,0.524425677
197,0.414851153,0.723,0.999998753,0.1388995,0.347512076,0.432705652
198,0.113839267,0.19,1,0.933915968,0.364954732,0.427351573
199,0.112664781,0.047,1,0.996744147,0.34062793,0.536703512
200,0.150004571,0.3,1,0.959750506,0.380094906,0.501680184
201,0.243157373,0.295,1,0.999177994,0.381180682,0.534071299
202,0.160087422,0.253,1,0.974054908,0.356054106,0.514154707
203,0.143309447,0.237,1,0.934463774,0.305190817,0.435697592
204,0.215775784,0.297,1,0.952806211,0.319972118,0.481208229
205,0.173987352,0.296,1,0.955552211,0.384447858,0.463075455
206,0.539407605,0.304,1,0.999495474,0.462375214,0.5524528
207,0.22682537,0.284,1,0.964131771,0.421029991,0.52166784
208,0.163029177,0.278,1,0.960535538,0.366063118,0.536330365
209,0.133874779,0.079,1,0.964217463,0.451569676,0.494958267
210,0.402865303,0.659,1,0.137544729,0.259514142,0.30469711
211,0.173987352,0.296,1,0.955552211,0.384447858,0.463075455
212,0.245373384,0.459,1,0.395348609,0.254786537,0.293173489
213,0.037882712,0.371,0.994510208,0.751735293,0.460910652,0.575280801
214,0.238811221,0.286,1,0.965723293,0.344222435,0.530242031
215,0.218194006,0.293,1,0.998871462,0.373097119,0.528395572
216,0.119664607,0.12,1,0.958574006,0.36841429,0.474486702
217,0.527535325,0.444,0.999999076,0.468312581,0.183412342,0.290861594
218,0.132378971,0.226,1,0.932275723,0.33156846,0.468294342
219,0.163029177,0.278,1,0.960535538,0.366063118,0.536330365
220,0.216302087,0.283,1,0.947934784,0.408147952,0.515869397
221,0.131672618,0.31,1,0.959294096,0.331436379,0.499262904
222,0.549415666,0.404,0.985726396,0.714105142,0.273954874,0.466202453
223,0.189496661,0.295,1,0.994755361,0.348764699,0.539768759
224,0.16953594,0.281,1,0.536863102,0.21278477,0.22193747
225,0.099958727,0.114,1,0.97364813,0.294995923,0.452121373
226,0.125453936,0.285,0.999617616,0.889001685,0.450643412,0.598779288
227,0.200044874,0.286,1,0.953438101,0.4058878,0.507565026
228,0.158937866,0.281,1,0.952533233,0.332208284,0.505171671
229,0.187579811,0.31,1,0.999260877,0.384725219,0.512215613
230,0.160638654,0.031,1,0.997941772,0.435502252,0.585097743
231,0.093670795,0.363,0.992855119,0.749569039,0.403830772,0.557604857
232,0.153993391,0.317,1,0.999129209,0.383110894,0.521180179
233,0.18926952,0.247,1,0.95143362,0.347574393,0.465607862
234,0.189496661,0.295,1,0.994755361,0.348764699,0.539768759
235,0.124556452,0.074,1,0.990567671,0.38002656,0.528521728
236,0.119060744,0.244,1,0.930832185,0.352660635,0.493858501
237,0.135636508,0.244,1,0.968335223,0.349922216,0.485718892
238,0.090507439,0.08,1,0.960416808,0.382076626,0.502143124
239,0.169397439,0.236,1,0.975005184,0.365545063,0.492248586
240,0.091645915,0.083,1,0.983156975,0.362719774,0.553149659
241,0.216277157,0.283,1,0.947879703,0.407908204,0.515843568
242,0.129966289,0.258,1,0.959776801,0.379111184,0.505986363
243,0.182344484,0.247,1,0.974924269,0.362208134,0.511075515
244,0.126002399,0.208,1,0.803691897,0.370256092,0.386997201
245,0.182330634,0.247,1,0.974952023,0.347250067,0.511003402
246,0.287804459,0.302,1,0.792025112,0.423603986,0.447291071
247,0.086382888,0.108,1,0.985233925,0.351870064,0.492958521
248,0.460246143,0.463,1,0.745922314,0.304147686,0.411113479
249,0.547424025,0.403,0.98589364,0.723283815,0.274989833,0.468294666
250,0.534188898,0.303,1,0.987551955,0.452964242,0.547127702
251,0.218354667,0.279,1,0.951591198,0.441711947,0.501282289
252,0.657388043,0.327,1,0.992641866,0.355733098,0.682720495
253,0.403621516,0.182,1,0.959802565,0.330941967,0.613511994
254,0.232337698,0.255,1,0.697763973,0.423342937,0.397208796
255,0.528385719,0.315,1,0.943979122,0.450143561,0.560032543
256,0.573572958,0.79,0.999998188,0.107258801,0.464405446,0.509524116
257,0.174463795,0.232,1,0.950748256,0.348602494,0.510403923
258,0.189590841,0.306,1,0.990688419,0.364647581,0.50772094
259,0.14404073,0.238,1,0.938947585,0.363016786,0.470360681
260,0.113304654,0.088,1,0.997185559,0.343381394,0.547354228
261,0.204410416,0.285,1,0.943335214,0.338498357,0.488480171
262,0.55224108,0.403,0.987523329,0.696417152,0.286161239,0.517489374
263,1.00E+00,1,1,0.633269573,0.272410136,0.404352501
264,0.120238,0.261,1,0.588824801,0.261822371,0.254444791
265,0.147403527,0.054,1,0.995493463,0.352039951,0.538149585
266,0.157012706,0.302,1,0.959288003,0.429514841,0.481393402
267,0.185721132,0.306,1,0.980329229,0.340050703,0.503150742
268,0.155677559,0.026,1,0.999039606,0.372664982,0.549900989
269,0.175699221,0.205,1,0.9304551,0.327583021,0.449881952
270,0.205668003,0.298,1,0.999145887,0.337732357,0.532844476
271,0.10653751,0.266,1,0.959900884,0.34321812,0.509402145
272,0.102174738,0.199,1,0.948091825,0.369530895,0.491799038
273,0.15785479,0.186,1,0.829579968,0.329956964,0.430158999
274,0.280810174,0.001,0.999953772,0.997731878,0.452748605,0.840672746
275,0.132802783,0.222,1,0.971966374,0.351710414,0.513820732
276,0.190806877,0.306,1,0.99370452,0.365069647,0.50861816
277,0.131744638,0.31,1,0.959386887,0.345051625,0.499331277
278,0.319853522,0.642,0.999998938,0.21963219,0.410446998,0.431568948
279,0.160087422,0.253,1,0.974054908,0.356054106,0.514154707
280,0.125553657,0.104,1,0.989594707,0.419920374,0.522002861
281,0.158876926,0.281,1,0.952527946,0.355897115,0.505060564
282,0.238841691,0.312,1,0.95892366,0.35373388,0.493314677
283,0.327950273,0.35,0.654734058,0.890247744,0.413700586,0.550897278
284,0.534194438,0.303,1,0.987506426,0.459220564,0.5471199
285,0.110725771,0.202,1,0.813068135,0.357034887,0.412836704
286,0.227099601,0.283,1,0.947856359,0.406409626,0.515897279
287,0.324102723,0.037,1,0.9992036,0.438333287,0.606984617
288,0.257575296,0.577,0.999998979,0.311827507,0.344510674,0.366232026
289,0.160081882,0.253,1,0.974060728,0.341667893,0.514134344
290,0.130622782,0.23,1,0.919932448,0.37741981,0.477808397
291,0.14396594,0.238,1,0.938944406,0.342924305,0.470284949
292,0.535742876,0.302,1,0.986651768,0.468344975,0.555673027
293,0.217900385,0.296,1,0.999237504,0.365764578,0.501588479
294,0.153201167,0.066,1,0.984799248,0.418680968,0.507678391
295,0.158876926,0.281,1,0.952527946,0.355897115,0.505060564
296,0.216302087,0.283,1,0.947934784,0.408147952,0.515869397
297,0.202681928,0.273,1,0.533638762,0.264924827,0.337861339
298,0.168663385,0.083,1,0.996908941,0.440998564,0.524999879
299,0.126794623,0.261,1,0.929084209,0.365564136,0.50432481
300,0.160336723,0.182,1,0.845478071,0.328978112,0.416083767
301,0.549415666,0.404,0.985726396,0.714105142,0.273954874,0.466202453
302,0.103994637,0.053,1,0.990473858,0.388279858,0.524705545
303,0.534197208,0.303,1,0.987510946,0.452940353,0.547122047
304,0.114135659,0.237,1,0.920015762,0.329726364,0.478212998
305,0.156550114,0.253,1,0.969542959,0.378585944,0.530507789
306,0.323717691,0.289,1,0.66295547,0.379233327,0.370378917
307,0.595954671,0.383,0.991186367,0.725061127,0.262030732,0.486624962
308,0.444844865,0.187,1,0.956486223,0.332378718,0.565498487
309,0.186510586,0.439,1,0.453890124,0.252205422,0.306472592
310,0.534188898,0.303,1,0.987551955,0.452964242,0.547127702
311,0.734934586,0.904,0.950197683,0.057309369,0.35223427,0.450030202
312,0.144334352,0.23,1,0.921902313,0.420679213,0.485402851
313,0.142641873,0.223,1,0.918095256,0.34140742,0.450106134
314,0.190806877,0.306,1,0.99370452,0.365069647,0.50861816
315,0.534191668,0.303,1,0.987543132,0.453102021,0.547125012
316,0.310917456,0.171,1,0.958667494,0.361534659,0.510596672
317,0.17548039,0.476,1,0.448672383,0.313806626,0.366264778
318,0.163029177,0.278,1,0.960535538,0.366063118,0.536330365
319,0.187726622,0.307,1,0.993487678,0.35795528,0.505381988
320,0.534188898,0.303,1,0.987551955,0.452964242,0.547127702
321,0.136841464,0.195,1,0.926996825,0.372681886,0.464686085
322,0.549415666,0.404,0.985726396,0.714105142,0.273954874,0.466202453
323,0.459356969,0.079,0.999879782,0.993717286,0.945767729,0.99851035
324,0.436556983,0.066,0.999877314,0.99894794,0.77629693,0.905186639
325,0.418709783,0.05,0.991790304,0.998151883,0.441148447,0.900127145
326,0.636139265,0.342,0.992573517,0.771734564,0.327851484,0.585957479
327,0.468403835,0.048,1,0.99883855,0.615220367,0.823563376
328,0.442410023,0.07,0.999870562,0.997983667,0.860235061,0.899417991
329,0.415820658,0.009,1,0.99942952,0.716973787,0.914705693
330,0.392106568,0.016,0.99438081,0.998312011,0.375768072,0.830151714
331,0.439246667,0.06,0.999363039,0.998211456,0.845914073,1
332,0.414621242,0.018,0.998942995,0.99732464,0.681130624,0.927569444
333,0.416418981,0.045,0.99514418,0.996060164,0.49896542,0.888624201
334,0.511136841,0.066,1,0.990181785,0.777622158,0.842383988
335,0.439465498,0.031,0.997944503,0.99770818,0.815326232,0.931205681
336,0.409028584,0.018,0.993342522,0.998136505,0.437136929,0.860592056
337,0.417092095,0.065,0.995825637,0.998860229,0.537207506,0.873834177
338,0.413078344,0.037,0.994735145,0.99757617,0.489242245,0.86547944
339,0.40432787,0.064,0.9995769,0.996388026,0.78487609,0.969141042
340,0.415288816,0.017,0.999791103,0.998616779,0.643344864,0.842666071
341,0.448465274,0.072,0.999877881,0.993131562,0.774463452,0.998842212
342,0.672082967,0.537,0.9932845,0.584665027,0.000630521,1.52E-07
343,0.673855776,0.539,0.993160726,0.587120629,0.004364882,6.55E-08
344,0.672479079,0.537,0.993412698,0.586425638,0.002480122,8.76E-06
345,0.679312704,0.546,0.99294397,0.580446771,0.004732039,8.80E-05
346,0.672736691,0.538,0.993146798,0.586067713,0.002779122,6.52E-06
347,0.673498445,0.539,0.993160814,0.585612398,0.001596274,1.65E-05
348,0.672692371,0.538,0.993063636,0.586677457,0.002990297,1.89E-05
349,0.672886272,0.539,0.993212474,0.586235596,0.006004658,1.80E-07
350,0.672808711,0.538,0.993209733,0.587308363,0.001785414,3.44E-06
351,0.672351659,0.537,0.993098268,0.586248493,0.002203611,3.11E-05
352,0.673030312,0.538,0.993167492,0.586510658,0.001625195,2.08E-05
353,0.668772801,0.534,0.992864873,0.583013595,0.004299413,3.77E-05
354,0.673262993,0.538,0.993294084,0.586741882,0.004650301,1.17E-07
355,0.672764391,0.537,0.993224144,0.585894359,0.004401151,5.15E-11
356,0.669343424,0.535,0.99298381,0.582376863,0.003437805,2.51E-05
357,0.672900122,0.538,0.993142841,0.584584958,0.003831845,7.31E-06
358,0.672706221,0.538,0.99318402,0.586651062,0.003135968,1.13E-06
359,0.672853031,0.538,0.993288643,0.587331416,0.003439056,4.82E-07
360,0.673110643,0.538,0.993221514,0.587025156,6.95E-12,8.10E-09
361,0.67267852,0.538,0.99324159,0.58664444,0.001045606,1.42E-05
362,0.671972167,0.535,0.993422762,0.586579726,0.000929672,3.71E-07
363,0.673135573,0.539,0.993189927,0.584524759,0.000944973,7.39E-06
364,0.669429294,0.535,0.992942787,0.583346888,0.004004267,3.64E-08
365,0.673046932,0.538,0.993297405,0.587839277,0.002615207,2.48E-06
366,0.104351969,0.247,1,0.70762309,0.268705575,0.221098519
367,0.233523264,0.277,1,0.669219792,0.248173193,0.235245837
368,0.214484957,0.285,1,0.694378304,0.257928938,0.227551317
369,0.476636317,0.352,1,0.639688017,0.316951696,0.340426891
370,0.192997958,0.258,1,0.677448116,0.260478834,0.244650556
371,0.330185674,0.287,1,0.649570889,0.250583673,0.269004731
372,0.075408092,0.231,1,0.718939049,0.2593178,0.218700893
373,0.151483758,0.256,1,0.672978978,0.267731799,0.209295175
374,0.092407669,0.243,1,0.709500195,0.244624291,0.21692866
375,0.178640976,0.268,1,0.683137903,0.253877917,0.22934097
376,0.107825567,0.246,1,0.710269001,0.238446078,0.211463103
377,0.302754225,0.303,1,0.601394889,0.29470034,0.256281616
378,0.283416757,0.295,1,0.667557336,0.272683141,0.214845381
379,0.11431017,0.256,1,0.700652276,0.257920013,0.208506488
380,0.544892233,0.397,0.986475671,0.712708126,0.305964088,0.551813561
381,0.544892233,0.397,0.986475671,0.712708126,0.305964088,0.551813561
382,0.544892233,0.397,0.986475671,0.712708126,0.305964088,0.551813561
383,0.544892233,0.397,0.986475671,0.712708126,0.305964088,0.551813561
384,0.55425765,0.392,0.98799947,0.711603036,0.284165094,0.506832491
385,0.544892233,0.397,0.986475671,0.712708126,0.305964088,0.551813561
386,0.544892233,0.397,0.986475671,0.712708126,0.305964088,0.551813561
387,0.544892233,0.397,0.986475671,0.712708126,0.305964088,0.551813561
388,0.544892233,0.397,0.986475671,0.712708126,0.305964088,0.551813561
389,0.544892233,0.397,0.986475671,0.712708126,0.305964088,0.551813561
390,0.544892233,0.397,0.986475671,0.712708126,0.305964088,0.551813561
391,0.544892233,0.397,0.986475671,0.712708126,0.305964088,0.551813561
392,0.544892233,0.397,0.986475671,0.712708126,0.305964088,0.551813561
393,0.544892233,0.397,0.986475671,0.712708126,0.305964088,0.551813561
394,0.544892233,0.397,0.986475671,0.712708126,0.305964088,0.551813561
395,0.544892233,0.397,0.986475671,0.712708126,0.305964088,0.551813561
396,0.544892233,0.397,0.986475671,0.712708126,0.305964088,0.551813561
397,0.544892233,0.397,0.986475671,0.712708126,0.305964088,0.551813561
398,0.544892233,0.397,0.986475671,0.712708126,0.305964088,0.551813561
399,0.544892233,0.397,0.986475671,0.712708126,0.305964088,0.551813561
400,0.544892233,0.397,0.986475671,0.712708126,0.305964088,0.551813561
401,0.544892233,0.397,0.986475671,0.712708126,0.305964088,0.551813561
402,0.544892233,0.397,0.986475671,0.712708126,0.305964088,0.551813561
403,0.544892233,0.397,0.986475671,0.712708126,0.305964088,0.551813561
404,0.544892233,0.397,0.986475671,0.712708126,0.305964088,0.551813561
405,0.055372581,0.211,1,0.769359623,0.358527551,0.377256295
406,0.148439513,0.199,1,0.799924102,0.387078307,0.46645665
407,0.140489572,0.21,1,0.762843709,0.270073111,0.380260696
408,0.413407976,0.249,1,0.72462745,0.472383983,0.495110365
409,0.225570554,0.193,1,0.782185907,0.328371281,0.419156929
410,0.091058672,0.192,1,0.798789423,0.311242871,0.409458485
411,0.138525632,0.229,1,0.75522227,0.28940171,0.446821302
412,0.083668274,0.198,1,0.804272752,0.366305941,0.373277006
413,0.076643519,0.221,1,0.751488812,0.329204861,0.381013308
414,0.09670396,0.192,1,0.784542262,0.352367788,0.404123406
415,0.139434197,0.207,1,0.757515254,0.318241856,0.414826914
416,0.06306214,0.212,1,0.781299378,0.331142163,0.387788669
417,0,0.228,1,0.75282333,0.403883831,0.467652019
418,0.109872607,0.213,1,0.785253362,0.281814507,0.444322768
419,0.105410114,0.199,1,0.801613018,0.286541964,0.352432445
420,0.097651305,0.215,1,0.782182942,0.343214449,0.410003217
421,0.41813362,0.396,0.668424619,0.843132499,0.33473876,0.603320535
422,0.414488281,0.399,0.679830225,0.836043606,0.335701322,0.611499454
423,0.417435576,0.36,0.583513171,0.926037877,0.298151927,0.5932523
424,0.410854023,0.393,0.663913729,0.855018474,0.310760706,0.588756544
425,0.407383195,0.383,0.656597943,0.868211805,0.345278075,0.603053673
426,0.411984189,0.391,0.679317542,0.840819087,0.334941773,0.615258185
427,0.415033974,0.386,0.68832062,0.841249338,0.370392449,0.627443235
428,0.418308131,0.401,0.674048278,0.839942494,0.329018051,0.587676718
429,0.426834234,0.399,0.711695495,0.822123595,0.394728866,0.598964551
430,0.415324826,0.4,0.674819735,0.835750092,0.350526944,0.608269108
431,0.577384497,0.417,0.999998752,0.529494036,0.242725451,0.417084662
432,0.659587434,0.539,0.999589604,0.403071529,0.265301448,0.44105686
433,0.727062206,0.614,0.996698204,0.501866291,0.292581796,0.519436548
434,0.637635073,0.49,0.999998806,0.447804535,0.269789868,0.476505067
435,0.562335011,0.32,1,0.573599007,0.22600349,0.469820133
436,0.621059309,0.446,0.999998667,0.489526746,0.249299416,0.439676941
437,0.659886596,0.546,0.999997463,0.401739301,0.260527024,0.412753634
438,0.623796083,0.617,0.999998768,0.353615481,0.267262858,0.376893392
439,0.68842605,0.599,0.999998983,0.339036751,0.236558107,0.468202879
440,0.663642735,0.535,0.999999021,0.399804699,0.252056497,0.432823397
