,battery,waste_supply,heat_storage_small,wind_offshore,open_field_pv,biofuel_supply,electrolysis,heat_storage_big,roof_mounted_pv,hydrogen_storage,wind_onshore
0,0.10605241678289268,0.43943855901103446,0.4175038342593379,0.922799391301094,0.1424618337175465,0.57221718536867,0.11561662052557886,0.4544883588635439,0.08365948373823762,0.9999025252349898,0.22827047697707004
1,0.06162400141427671,0.45842518335412197,0.34767911349090974,0.5617562924796251,0.1634349452006435,0.593759895824622,0.09535724152424763,0.4756446510379444,0.9662470302708488,0.9996418651560711,0.2558363699956666
2,0.9489480270426667,0.49245293174510707,0.8939524329516085,0.9121804747356608,0.4255911617248215,0.507244457536555,0.29543762109088234,0.973329072017452,0.9649568218533939,0.9998198225492689,0.2688907808902631
3,0.9434093705220034,0.49915230361124086,0.8985859336367304,0.9110082071774848,0.42247571046717025,0.5043372471032417,0.28459892971670986,0.9710888522102001,0.9623720008640727,0.9997870222003171,0.2644144170062541
4,0.9752187497515561,0.4582021036554613,0.3884169902083645,0.8213273717980374,0.6362234471530738,0.6044956570750637,0.3103411642568178,0.47698364631412193,0.9979162727100819,0.1049296714610568,0.26000720594029647
5,0.036475793360007724,0.45854249276852566,0.30904564551570146,0.4251948195914246,0.10650178920470044,0.2750815997884374,0.08729391112675222,0.4457196521702106,0.02350177061516634,1.0,0.24441333132258225
6,0.12839057426860012,0.46152227208146557,0.2962675385495369,0.3660152400004184,0.25904698009712823,0.5897967926213918,0.03221845353395825,0.4669217570999028,0.03751471573392884,1.0,0.20313502009248463
7,1,0.4587433124721635,0.3130742779333159,0.4775248672020984,0.1182298852900433,0.46159188081098046,0.07730701194312017,0.42990141588230857,0.02618316774247409,0.9998315408522898,0.1925931996008039
8,0.037401883867890784,0.4588391704133744,0.3505443078112076,0.4091463532355082,0.1984757264605871,0.6307429867280062,0.06834271037114992,0.4715339844222177,0.031163120321410998,0.76250540277227,0.20590027685558476
9,0.046702699688019766,0.4585450366083368,0.3200103881442461,0.39602466836181116,0.13255420620225045,0.20654425867100024,0.051441150969759764,0.468402910003493,0.024082677663830543,0.9999694874713041,0.2059947064158667
10,0.08054219460558387,0.4589643080804273,0.378274339445858,0.4741183283327318,0.14834493698859552,0.5806915389882483,0.0755936460538762,0.4253913378393738,0.03944515104781421,0.9997870981477539,0.23522543181954336
11,0.030425074739481972,0.45832650801053576,0.3510220462831938,0.5283687069613812,0.3055412561091996,0.19574503154899836,0.050079683419240406,0.4781012963455973,0.9249233654872236,0.9990963518700238,0.2023348674156875
12,0.9296944111870926,0.502614154100357,0.8947603371674386,0.9153931181283543,0.41115027536464865,0.5094162966976268,0.28069365270554225,0.9697414478978034,0.9603961918440668,0.9998315106673573,0.26335994165149135
13,0.6089932222397696,0.5045977953228175,0.693274668333224,0.8564698828855913,0.32279514152962563,0.63876631052407,0.22440611218458362,0.9509835386945767,0.9814499952989055,0.9997806237201786,0.23470289934607802
14,0.7077055264693208,0.4581920865990122,0.3327893550935811,0.8600293774764309,0.8044408337034672,0.2432740288222216,0.39034327358973864,0.47504290490150947,0.9804787502919015,0.9978021294050423,0.7502413679119405
15,0.08369039212104823,0.45866621575022615,0.5619803994564159,0.490397975001853,0.16185778484451974,0.3852967260449377,0.061318718176156306,0.4008063108937193,0.03358921030647144,0.9994176255218212,0.1899065086920506
16,0.04841802516726801,0.45894469155222184,0.323353859599648,0.4540398490254597,0.18903152559547276,0.6307283238181096,0.09566874092654798,0.47117850385893467,0.03388788597523207,0.9997459708715701,0.25875677229218186
17,0.5367523902981419,0.4581848280609726,1,0.8578982581576242,0.8140718975622634,0.12203272783045804,0.49080436480165535,0.4817464285248283,0.990880797066508,0.9894495465306451,0.6795001882388089
18,0.05425640217661065,0.45872701515042735,0.32937902023428745,0.46443206978782414,0.15778622415096855,0.4846795682425922,0.08664765839752586,0.4187509784695036,1,0.9999805773843062,0.1818009073202097
19,1,0.5176656329010725,0.8624608854931568,0.901139737813433,0.4182801930439157,0.5095462661970764,0.29609988163384404,0.971710501785468,0.9649022920457336,0.9998447822280331,0.2688335624334314
20,0.0558041937686411,0.45871043602486905,0.31211615221015676,0.46397967201210577,0.11528766707483562,0.49574536939552527,0.06487149355617872,0.42710905271270483,0.05220566189996756,0.9999695400548279,0.16979303917048005
21,0.02805082820273541,0.4585350712200007,0.3492149960855029,1,0.08721346017129439,0.783116323925962,0.10199591914195205,0.4736231516774344,0.19174866082623465,0.9997202578831978,0.2369234338921501
22,0.05289426793631202,0.458510933076124,0.3329279204894412,0.46177382476341144,0.1593225493487258,0.6139534377532353,0.07544311034900908,0.6890587084442802,0.3538997640894638,0.9549585601158936,0.16267392787108448
23,0.7293430976911682,0.4581894220791214,0.32257077799655476,0.8061026220932824,0.8145392748093505,0.4819328453677253,0.38555251090314735,0.4752309652468989,0.9803331995749726,0.996626226915142,0.646303904090915
24,0.051649449641789524,0.45850608471319254,0.34299302371779294,0.3953656893018659,0.21073706878220844,0.6038110623060426,0.06348803324547192,0.47790892302234433,0.9101796642169309,0.999112821513008,0.2445501661076933
25,0.031230545644136742,0.45832474756882413,0.3415500578085844,0.5287387151634063,0.2656805216785757,0.1859862191597903,0.051063171885271874,0.47863046887667404,0.9272829573939746,0.999165369482404,0.20283178904665045
26,0.05306128984887304,0.45871590023152686,0.3206068105119587,0.40940601948483746,0.18619284642157585,0.44304527866290444,0.051306239142468235,0.44157290480691447,0.029843002294896337,0.9999549757854146,0.24485370777872317
27,0.2434393359062147,0.48471680184136046,0.44883606329250203,0.37594284148774937,0.21178083179808127,0.6338029579036552,0.0911127025806866,0.6974324082983199,0.9742575899430571,0.9999503366262359,0.24017947250489102
28,0.6385297940231915,0.458186676164017,0.32067756801371905,0.8062561648297213,0.7868402501183497,0.4877138736788591,0.36382414027935484,0.47510636205212897,1,0.9958943289833402,0.6249325876096696
29,0.046702699688019766,0.4585450366083368,0.3200103881442461,0.39602466836181116,0.13255420620225045,0.20654425867100024,0.051441150969759764,0.468402910003493,0.024082677663830543,0.9999694874713041,0.2059947064158667
30,0.05018220128707296,0.4586823351687198,0.3382579535743543,0.39001471286151546,0.1381310152671711,0.411266404453305,0.03217790588656366,0.4305983877375117,0.02038826011153394,0.9999589510628254,0.22436225356024297
31,0.03752674938675138,0.4585896758413537,0.3380208411565637,0.44967073843797445,0.10886708724284666,0.4892916117700672,0.06332687782921498,0.46634336609050275,0.05136474714600536,1.0,0.14189890849790354
32,0.8502580032168598,0.5246086683595099,0.8200837840893777,0.8860094820469859,0.38214135452533404,1,0.2715910575959982,0.9786597592278277,0.9637323535042868,0.9998001416871926,0.26247805360616727
33,0.7896201808100461,0.45818784617569297,0.3272771596168239,0.8149191084453232,0.8052904483347134,0.1267589794279942,0.43669360973173943,0.4744780407804924,0.9792643838509216,0.9998591228333455,0.7245691750254284
34,0.053686975887927146,0.4584849158124088,0.33435575393321926,0.4656951519666267,0.28021953641678066,0.495735110768469,0.07013145184028513,0.47731780025032633,0.07299260485884462,0.9999665575592672,0.15285303865005972
35,0.05629967735737251,0.45872158292748777,0.35452189648061017,0.42599830223409885,0.19210296045776565,0.5690957325016202,0.061933704112626886,0.4711198347175055,0.802869859126927,0.9995491058422009,0.24424471824460392
36,0.07642219419386342,0.45872095031333515,0.3728536348447554,0.47066166420389954,0.23266517793824415,0.5552339358723917,0.0714149512192307,0.4294876309645883,0.018955942348216848,0.9999824045665411,0.24078058237550093
37,0.05749801944199062,0.4583782941790093,0.3253551699933821,0.5632619943472504,0.3106399378052287,0.5104269279360063,0.0639373412443397,0.41486010797676454,1,0.9993197278911564,0.21593632676614904
38,0.057499280978782985,0.4587375223823218,0.30648463278701943,0.4576168351312111,0.11631846046337535,0.47644980279305793,0.07572893050510054,0.44394964470414044,0.046717476285602966,0.9998999747463123,0.20641864021988132
39,0.053686975887927146,0.4584849158124088,0.33435575393321926,0.4656951519666267,0.28021953641678066,0.495735110768469,0.07013145184028513,0.47731780025032633,0.07299260485884462,0.9999665575592672,0.15285303865005972
40,0.040282399661344725,0.4585573229827534,0.32512487920537425,0.42699445789724133,0.11697760545509384,0.2800111797524235,0.07110176205781338,0.4602932417753721,0.03375868470334442,0.9999779481804976,0.18690608018293187
41,0.9742491833222093,0.45864927206649553,0.30452885190221035,0.4663203674109885,0.18857250438979656,0.5820429369294964,0.15761593166351684,0.41727373915322075,0.08229360681621212,1.0,0.24276954630836156
42,0.9880275766220471,0.458680172826872,0.30644791417780004,0.4342338554242152,0.280193635256317,0.5819778779561683,0.13826165785326272,0.4393833657690087,0.09493435294416319,0.7711918044969966,0.20994033539421153
43,0.05394812212591915,0.45847752608246617,0.32522686313609594,0.4501100371711486,0.3264459357408135,0.3765194562505475,0.06994284582551635,0.47959267721016985,0.05738804390727037,1,0.16416025150695623
44,0.05018220128707296,0.4586823351687198,0.3382579535743543,0.39001471286151546,0.1381310152671711,0.411266404453305,0.03217790588656366,0.4305983877375117,0.02038826011153394,0.9999589510628254,0.22436225356024297
45,0.06457898520041339,0.45872853518999124,0.31295495917122196,0.4544815890714572,0.1240338748245684,0.4184161362676635,0.06790831343228876,0.4452924922978465,0.03114330358152595,0.9999820607898801,0.21537609087176413
46,0.05018220128707296,0.4586823351687198,0.3382579535743543,0.39001471286151546,0.1381310152671711,0.411266404453305,0.03217790588656366,0.4305983877375117,0.02038826011153394,0.9999589510628254,0.22436225356024297
47,0.05275590982092515,0.4584685521876407,0.33429437803909534,0.4656979495842196,0.28021561733125344,0.5049252818538089,0.07014097890349291,0.47748297621027735,0.08318678227284892,0.9999632742414616,0.15285543362566412
48,0.07755728312243093,0.4588724755226833,0.3102699487030699,0.47009098929328674,0.14364127935857984,0.431174361056635,0.05374232127278422,0.411559176319249,0.04768476722664006,1.0,0.19910443137901312
49,0.0697816484847309,0.45906309027223924,0.3091367691536222,0.4262425800538924,0.22605540641906485,0.6080964828961779,0.07270020333227234,0.3254727939422217,0.04397161736226818,0.9996444335126752,0.12621126318848452
50,0.7293430976911682,0.4581894220791214,0.32257077799655476,0.8061026220932824,0.8145392748093505,0.4819328453677253,0.38555251090314735,0.4752309652468989,0.9803331995749726,0.996626226915142,0.646303904090915
51,0.03752674938675138,0.4585896758413537,0.3380208411565637,0.44967073843797445,0.10886708724284666,0.4892916117700672,0.06332687782921498,0.46634336609050275,0.05136474714600536,1.0,0.14189890849790354
52,0.07980474869920173,0.4584690962062219,0.9504320559392585,0.41627170543726755,0.15518799931499805,0.2347871581895793,0.055194134468801725,0.4616698616937973,0.028226512389513014,1.0,0.19964989951994783
53,0.04366686375070106,0.4587002448486951,0.32385997547227763,0.467552086809248,0.13360494585566962,0.484082402110824,0.07664944895068382,0.41904065776526334,1,0.9999349273172382,0.20132839839557992
54,0.06158363341201767,0.4584571332485706,0.3153472923063676,0.49927517555291556,0.2856312023503206,0.5546755900201192,0.06066594504924572,0.34579423524701336,0.9865745969148708,0.9999156542244934,0.14360914772723743
55,0.046702699688019766,0.4585450366083368,0.3200103881442461,0.39602466836181116,0.13255420620225045,0.20654425867100024,0.051441150969759764,0.468402910003493,0.024082677663830543,0.9999694874713041,0.2059947064158667
56,0.06828579009952918,0.4584987864776372,0.33317507992258055,0.4626184157120966,0.2668324963869487,0.5794523860796303,0.06913141919976884,0.4652985991445261,0.035461622752402944,0.9995503031994197,0.15954106417438918
57,0.058973697563516336,0.4584010573728541,0.3072237233955285,0.7820079481370161,0.2736877011809349,0.5467702803611926,0.09776317140581348,0.47448609185880386,1,0.9989886567473429,0.22980901662004305
58,0.07101597729904596,0.4591475228391909,0.31773648458935466,0.4204268260702597,0.28819147869781747,0.5977594133947348,0.06240406697999068,0.31533057721441704,0.7437269989963274,0.9999692074440528,0.14675829443217236
59,0.04728932513532935,0.45867449394624693,0.3414775097289712,0.45742825660855424,0.16462535256121946,0.4523625031575812,0.07138121956276389,0.4454042022187852,0.026866665631100073,1.0,0.17399934675702933
60,0.05550151215897847,0.4586991086486415,0.30647166376239277,0.4575934923705268,0.11631064724894657,0.474772273726215,0.07568494353546329,0.44411624461250876,0.046630590896040824,0.9994227565210172,0.206429846781659
61,0.046702699688019766,0.4585450366083368,0.3200103881442461,0.39602466836181116,0.13255420620225045,0.20654425867100024,0.051441150969759764,0.468402910003493,0.024082677663830543,0.9999694874713041,0.2059947064158667
62,0.031872895350711694,0.4583523986147596,0.3405969569319476,0.5185014307978149,0.29746990814697394,0.16453152647604852,0.051394695743709584,0.4781954340315073,0.9249964328729641,0.9999514448899501,0.19271115479129586
63,0.08861754847426162,0.45863406985960387,0.9022057990687564,0.4372899491162616,0.13514914367376185,0.4224279852806493,0.08040103576513191,0.4385989712483924,0.047185889027553496,1.0,0.21656613489234933
64,0.05674967469355596,0.4585408172337,0.312853143515074,0.46334735523708825,0.11095637382177748,0.5583898040120592,0.07790213077776953,0.7868768876454447,0.04377631016820971,0.7734581623780002,0.20427011789434357
65,0.05998222244262119,0.45874864249885283,0.31212503075658604,0.4574572418499767,0.14222446281554513,0.4113368085825744,0.07355562023913542,0.44510972004646265,0.03180349500277413,0.9999086213178545,0.21555727045258422
66,0.054166517329096164,0.45868498605159713,0.3144075023735803,0.4386567041486741,0.1595133094313106,0.5181563409002123,0.06723335723878754,0.4455019430172983,0.0340230624107718,0.9996631461116696,0.2557893934132428
67,0.04728272595911176,0.4586512516917941,0.30870527249622093,0.4392014968379623,0.16926117300691979,0.41654668555426855,0.05230650390527891,0.4564607427113073,0.02897125963540248,0.9998573403858394,0.23677781859888825
68,0.049813986451945236,0.45870965251898077,0.341804306890533,0.45738661751606735,0.1646942833915057,0.4501456338489215,0.07141964351570484,0.4452020994221172,0.027588950627518982,0.9995406522737712,0.17406185954428
69,0.053686975887927146,0.4584849158124088,0.33435575393321926,0.4656951519666267,0.28021953641678066,0.495735110768469,0.07013145184028513,0.47731780025032633,0.07299260485884462,0.9999665575592672,0.15285303865005972
70,0.03752674938675138,0.4585896758413537,0.3380208411565637,0.44967073843797445,0.10886708724284666,0.4892916117700672,0.06332687782921498,0.46634336609050275,0.05136474714600536,1.0,0.14189890849790354
71,0.05917602743771244,0.4590353399821452,0.3206877621437896,0.4442286286230599,0.16661592570021733,0.6306742735009117,0.06259855651739299,0.46194868713563586,0.03772421177882601,0.9998625120636165,0.27088911282688966
72,0.05650238895955917,0.4585064880308857,0.33965354048852114,0.4490648588446179,0.13705194697843281,0.43385011619004654,0.0675992853734595,0.4731485361471073,0.06367123554721155,0.9999762359626811,0.15991743642320888
73,0.03446205231951349,0.4585672890531568,0.3461804317759797,0.4974963575039567,0.2421219465492629,0.8826391615381755,0.051200996802701404,0.47431259932692127,0.9051776922316898,0.999962173886255,0.1908199851446153
74,0.04383162854880618,0.45878626153143964,0.314879475027677,0.4692435460351446,0.17908533026564855,0.49626163604042073,0.06802819544633265,0.42967922731593544,0.03611251530608783,0.9995831369848117,0.2043886736529691
75,0.046459796959002486,0.45861243709304866,0.32782808641014705,0.4613719623169984,0.10102572909204799,0.49025654229361704,0.054256973970698064,0.4679661403735651,0.057253430562964724,1,0.15918460622337471
76,0.055531675603247344,0.45902876941797344,0.3295600625602866,0.4436130167867587,0.14856735864728488,0.6306989950451387,0.08587809006704705,0.4638624447559103,0.020726300600946268,0.9999291414429679,0.2571343977969014
77,0.04961003078505011,0.4587503383168007,0.37835550236536153,0.4689922629836568,0.15838952262191486,0.3403911859965283,0.07240145248738827,0.44827186034884514,0.015755788107654767,0.9994170100038179,0.2218705878779117
78,0.9451830194012193,0.49723301986122426,0.8918485873607022,0.912007878332006,0.420984283074909,0.509592918710563,0.28779077048802015,0.9732495782700332,0.962919613789711,1,0.27176818487793597
79,0.9548925492376591,0.49498635417005,0.8949145393733631,0.9103455493494068,0.4260210786965335,0.49777363618373005,0.2870822731988749,0.9699245790202389,0.9619875790236398,0.999795912378064,0.2661141010764958
80,0.057499280978782985,0.4587375223823218,0.30648463278701943,0.4576168351312111,0.11631846046337535,0.47644980279305793,0.07572893050510054,0.44394964470414044,0.046717476285602966,0.9998999747463123,0.20641864021988132
81,1,0.4581933196311413,0.9959463866572963,0.6327407153503903,0.5608850925510038,0.5700503066974875,0.12523508750419288,0.8247769438291443,0.8245445716246936,1,0.3225442190694717
82,0.06893959935404192,0.45827607079114085,0.33459019205206597,0.57629987539406,0.3127479845994494,0.49636413092840326,0.06336906072659976,0.4277577805597377,1,0.9993740421069613,0.42191465980941045
83,0.9296944111870926,0.502614154100357,0.8947603371674386,0.9153931181283543,0.41115027536464865,0.5094162966976268,0.28069365270554225,0.9697414478978034,0.9603961918440668,0.9998315106673573,0.26335994165149135
84,0.173934606829644,0.45907863905758217,0.3127591344498223,0.42844968420741414,0.25124017621510797,0.5672484962531674,0.10728946297824404,0.45554390414153634,0.016258366109716094,0.9996683673469388,0.20588873718589407
85,0.05628495556290691,0.4586724449671018,0.3201208996567495,0.4094087985541206,0.18631532647462223,0.4456558925321066,0.05138838299151571,0.4416355095601193,0.029111929166640294,0.9999534015870643,0.24508024485558477
86,0.05627567250497911,0.4590553710563121,0.31984206286179495,0.432013150698651,0.23066395346773705,0.6117934711756201,0.05726277529152235,0.326677559497058,0.041500740507240175,1.0,0.14713237830669534
87,0.058928618507345765,0.4589182180482152,0.3386324746429943,0.43652457490626173,0.15145424705926924,0.6307144624917693,0.07972400242655442,0.47068728187652475,0.04183626382186656,0.9970462882166011,0.1780757696072549
88,0.7293430976911682,0.4581894220791214,0.32257077799655476,0.8061026220932824,0.8145392748093505,0.4819328453677253,0.38555251090314735,0.4752309652468989,0.9803331995749726,0.996626226915142,0.646303904090915
89,1,0.45846868600906143,0.3422832104161375,0.4512274204006066,0.33579878844803535,0.5023850650058496,0.06590521891662193,0.4795407744889585,0.09467599291802031,1.0,0.1740675489568736
90,0.06945663875768326,0.4389977094708206,0.34587671540508225,0.9919785949806654,0.12820320453436462,0.6775193247846278,0.1212308193814482,0.47154856691393443,0.02696762925171703,0.9999764254846405,0.24411115975826014
91,0.031872895350711694,0.4583523986147596,0.3405969569319476,0.5185014307978149,0.29746990814697394,0.16453152647604852,0.051394695743709584,0.4781954340315073,0.9249964328729641,0.9999514448899501,0.19271115479129586
92,0.02834699007315178,0.45832181462218013,0.35692241540228975,0.5232176760486148,0.2889567988456768,0.4021668212085524,0.050932560670854055,0.486625730216236,0.9222933024814759,0.9999344115089546,0.2604655653011656
93,0.05531042762126592,0.4586698393075954,0.33614421418169915,0.41894312394137734,0.1835936413585414,0.45500374200485594,0.06420459442897564,0.4734397155610224,0.7440542212955077,0.9994845979717759,0.26257480008130063
94,0.053686975887927146,0.4584849158124088,0.33435575393321926,0.4656951519666267,0.28021953641678066,0.495735110768469,0.07013145184028513,0.47731780025032633,0.07299260485884462,0.9999665575592672,0.15285303865005972
95,0.05018220128707296,0.4586823351687198,0.3382579535743543,0.39001471286151546,0.1381310152671711,0.411266404453305,0.03217790588656366,0.4305983877375117,0.02038826011153394,0.9999589510628254,0.22436225356024297
96,0.06800943281480964,0.4586111675830632,0.3441854486581234,0.38440727269376684,0.22185118058583708,0.6000628091969098,0.05208380898173737,0.47684372663608177,0.9099670338599399,0.9999303450632246,0.22029134759918112
97,0.06538634717272196,0.45896009087104805,0.32365942945022363,0.47418420449131626,0.15207665075057608,0.8820878534223855,0.0847949124118762,0.4730480794273598,0.0546532263754288,1.0,0.21707836151154247
98,0.05457354329616204,0.45865848915124885,0.3225638790374271,0.44831845099136247,0.19167288515733305,0.5418273538125843,0.0733548650243856,0.4502263443295771,0.035040239688056696,0.9998241008849078,0.20496619474209798
99,0.04623811594553462,0.458544212277764,0.3210385355625952,0.40479487718859153,0.17923086820143208,0.20637250260143136,0.049741641861150265,0.4682998082615959,0.03685667658305658,0.9999486102278494,0.21472879857971405
100,0.979163503173045,0.4782601829561255,0.9127619631671214,0.8503122179657345,0.3672065601283123,0.5884981077786386,0.28215157411357283,0.9667556216801955,0.977543004390198,0.999650096911288,0.24920757414134131
101,0.9826289610687852,0.4587809887869787,0.30240089066172604,0.41056683119702275,0.18608237252368476,0.6143619552528987,0.18606587223832827,0.5090330418845618,0.7804056556358964,0.4760776496157836,0.21615324329285712
102,0.045247526849256814,0.45852009396928384,0.31792447669540247,0.44414165728493016,0.12632365467205509,0.5788766464681532,0.07390577765103346,0.4508201861421861,0.037850933469251724,0.9998252808852435,0.20148544206607566
103,0.05550151215897847,0.4586991086486415,0.30647166376239277,0.4575934923705268,0.11631064724894657,0.474772273726215,0.07568494353546329,0.44411624461250876,0.046630590896040824,0.9994227565210172,0.206429846781659
104,0.04361160204148273,0.45850239032051954,0.33323122509695846,0.44279788869505043,0.24223102601479463,0.39654566654944445,0.06842556139528988,0.47696037060635565,1,0.9999684386365751,0.14331852597932992
105,0.047793615015191526,0.45852765292541275,0.32063234454557965,0.443432350289362,0.16985742216185196,0.5787740615227973,0.05899774227698851,0.8059058592925119,0.028265536192287444,0.9103790560957883,0.24523345264493723
106,0.031872895350711694,0.4583523986147596,0.3405969569319476,0.5185014307978149,0.29746990814697394,0.16453152647604852,0.051394695743709584,0.4781954340315073,0.9249964328729641,0.9999514448899501,0.19271115479129586
107,0.9836510847045934,0.4588392983413131,0.27616198422371896,0.42940439506890304,0.1842165293229845,0.5939782710137298,0.1610709017863996,0.44944575615680793,0.6798862809956909,0.8516100192876558,0.20539854658781131
108,0.053686975887927146,0.4584849158124088,0.33435575393321926,0.4656951519666267,0.28021953641678066,0.495735110768469,0.07013145184028513,0.47731780025032633,0.07299260485884462,0.9999665575592672,0.15285303865005972
109,0.057629838933199284,0.4585771570344688,0.32568712862115345,0.4331321682655498,0.19473534981928942,0.21929374437312077,0.053875999239207495,0.4732789919643413,1,1.0,0.19187209346449408
110,0.23678885298249697,0.4589092585013652,0.3373270419435662,0.4468228906851758,0.2715316886861755,0.5897608630578687,0.0811126447893572,0.3728230433263122,0.02648910841043295,0.9997547095761381,0.22223999449802034
111,0.7293751873328145,0.4581765817164264,0.322591407310319,0.8367170039859434,0.8145378657864829,0.46940129021995647,0.4569690355830558,0.475249839084941,0.990537178935751,0.992486614899124,0.6667080416985286
112,1,0.45865984654790937,0.3308814854694099,0.4573450546916632,0.10726138809532282,0.4784539879622952,0.06105767722964239,0.46576656979033926,0.04175251858518625,1.0,0.17247496972514886
113,0.24476419314793252,0.4616115783842256,0.26137287996983694,0.42380107356816676,0.20901411300149675,0.6004143281275285,0.06232016563226728,0.4989680945187863,0.03224229315391913,0.9996441197327758,0.14332342940806775
114,1,0.4587354871783875,0.3061642026084719,0.3999710468872588,0.1717883504054627,0.4116617527954105,0.045599624949428375,0.42332665504251643,0.02468007626344859,1.0,0.25513677800251566
115,0.0583584099761848,0.4587633615588729,0.3078077446842571,0.3953550862227386,0.17873567864926831,0.40992676998764643,0.043893199061578514,0.4080208854047157,1,1.0,0.2368875741989942
116,0.03055069756974027,0.4582361184264234,0.33825806540616954,0.6514209513890925,0.3205595895816262,0.11991224291504587,0.056459142812094965,0.9572607559461778,0.9527972149339976,0.39731625730417497,0.21371985919818826
117,0.07933617940351767,0.45905094854545114,0.3438526887095844,1,0.13470940347735882,0.7888355283439448,0.1362333488275368,0.4712577403712013,0.11374999124986973,0.9999235174977162,0.2356762184684914
118,0.0991105890116365,0.4395166609410843,0.3383861229179481,0.3676345460096392,0.1404085291416719,0.5331441809802244,0.06551864507711003,0.38072443426302083,0.03337400211023789,0.9999060036111687,0.2523938784260312
119,0.6385297940231915,0.458186676164017,0.32067756801371905,0.8062561648297213,0.7868402501183497,0.4877138736788591,0.36382414027935484,0.47510636205212897,1,0.9958943289833402,0.6249325876096696
120,0.05702373070473832,0.4589320180839366,0.314818278181226,0.48557862879097247,0.14456949838316357,0.4134606082057647,0.07445167596805335,0.3919821462149051,0.07395098125232857,0.9997963885810812,0.20970311992131663
121,0.04728272595911176,0.4586512516917941,0.30870527249622093,0.4392014968379623,0.16926117300691979,0.41654668555426855,0.05230650390527891,0.4564607427113073,0.02897125963540248,0.9998573403858394,0.23677781859888825
122,0.7293430976911682,0.4581894220791214,0.32257077799655476,0.8061026220932824,0.8145392748093505,0.4819328453677253,0.38555251090314735,0.4752309652468989,0.9803331995749726,0.996626226915142,0.646303904090915
123,0.7293430976911682,0.4581894220791214,0.32257077799655476,0.8061026220932824,0.8145392748093505,0.4819328453677253,0.38555251090314735,0.4752309652468989,0.9803331995749726,0.996626226915142,0.646303904090915
124,0.046702699688019766,0.4585450366083368,0.3200103881442461,0.39602466836181116,0.13255420620225045,0.20654425867100024,0.051441150969759764,0.468402910003493,0.024082677663830543,0.9999694874713041,0.2059947064158667
125,1,0.5324321501300937,1,0.8850716260142121,0.4620288058380594,0.5254637079677608,0.3514776095683144,1,0.9689787364287787,1,0.2952014988370234
126,0.7446746352141304,0.5334383503096514,0.7465254219328881,0.8557302089335579,0.27884900586064376,0.6397614408797493,0.16321966267738908,0.93486814325974,0.9786930001236985,0.9254157154123824,0.25634922260929516
127,0.049813986451945236,0.45870965251898077,0.341804306890533,0.45738661751606735,0.1646942833915057,0.4501456338489215,0.07141964351570484,0.4452020994221172,0.027588950627518982,0.9995406522737712,0.17406185954428
128,0.0439845204112016,0.45862016970404695,0.3363494208868064,0.4483313444336142,0.12233217397158913,0.4602450821254158,0.05973095425926289,0.44436779845924956,0.03803596263370901,0.9999764025290651,0.1855591107804342
129,0.046698252130573326,0.45855607856779246,0.31990562101992637,0.40449022996951123,0.14008740565965971,0.2036676623613538,0.04955098928293955,0.46798688425041346,0.03675837805831572,1.0,0.21630776580216027
130,0.9507635501050236,0.4775216426973484,0.8822772568027214,0.9046923493908482,0.4314979880020646,0.5076498387905393,0.30437171185211664,1,0.9715173750063834,0.9998506178718589,0.27333610952727694
131,0.922339619004984,0.4581595208447474,0.3215568122482101,0.8778988869400733,0.8453681116024278,0.4211555781540719,0.1954008517217195,1,0.9904758760639677,0.21832005349682093,0.760500869718857
132,0.05823648816396054,0.45848213503922775,0.9389053370350624,0.4478714956458495,0.1155624768718212,0.4924286763912089,0.06202894684699645,0.4566207643416529,0.05247230347846532,0.9999237018586545,0.1504874842553311
133,0.07822187986080398,0.4585791179299703,0.9242856148468811,0.40258488128306913,0.1384112407089816,0.4436586232513242,0.03585392384943986,0.4257727275112976,0.019823890515674125,0.9995233280369782,0.19983418928113195
134,1,0.4583882359694872,0.9149907513730906,0.4425620783247065,0.1252134134860231,0.2442719432427256,0.04377528674867692,0.7492129029126925,0.029296074658680338,1,0.20750421020622167
135,0.031872895350711694,0.4583523986147596,0.3405969569319476,0.5185014307978149,0.29746990814697394,0.16453152647604852,0.051394695743709584,0.4781954340315073,0.9249964328729641,0.9999514448899501,0.19271115479129586
136,0.8266058386700281,0.4581799901032729,0.355984259637094,0.676843731563475,0.5664148668916422,0.23955128436759154,0.08537410315848504,0.9972483847388276,0.7997693044459232,0.2796461858603382,0.41829405069020553
137,0.05422602365232465,0.45871005703117707,0.31096046049566295,0.43448329387101403,0.12278627234147099,0.4934091437122681,0.055022356751741164,0.421342766342662,0.036460632532330006,0.9999426046840216,0.16898174855211512
138,0.04506646499231093,0.45863751264644004,0.33345034865304646,0.46905092347190913,0.09335573716337109,0.4892753182775419,0.05537863958327527,0.4623958123806825,0.05967756150224279,1.0,0.1546607829004114
139,0.948043482133747,0.4634680905782238,0.24575803231996152,0.3843709188272919,0.28785204009103604,0.6168729652635907,0.055478544914961736,0.5163687453324031,0.018996850008556,1.0,0.1674025777391348
140,0.06492294396228815,0.45878910993520583,0.3117814387369029,0.4563883953159519,0.15358082087867397,0.3839353630044545,0.07904467479169575,0.4454173861535934,0.033380366027227604,0.9654541162894381,0.2360940993219608
141,0.9460682410114136,0.5010079735698869,0.8902232585977055,1,0.42119865807517,0.5083719545046919,0.29204516542022285,0.9711375279529588,0.9649529322058668,0.9998231714718735,0.2666961872133339
142,0.1922467109166216,0.45825204375443973,0.3255834470215634,1,0.7962880140150137,0.8267490614454616,0.17801721351947064,0.4724017588963576,0.9509097755397862,0.9690952220203262,0.5023207450211957
143,0.9131760616006326,0.5137947016780118,0.8607904044787429,0.4828309298784731,0.4215855556734289,0.5058812969056818,0.32254747887271684,0.9695161471595135,0.9695713420490982,0.9997820772638908,0.3177075048824798
144,0.07659924996216982,0.4584458296572612,0.31800374539306653,0.5285418192208776,0.26054367112590915,0.5238696037461038,0.06122665285476425,0.36848090275353385,1,0.9999579186293794,0.17212077160311012
145,0.04728272595911176,0.4586512516917941,0.30870527249622093,0.4392014968379623,0.16926117300691979,0.41654668555426855,0.05230650390527891,0.4564607427113073,0.02897125963540248,0.9998573403858394,0.23677781859888825
146,1,0.45819922281493364,1,0.6958976538591571,0.6953127613170484,0.24090396829960714,0.11538580892696171,1,0.8640697875648948,1,0.32876123412862146
147,0.06905216574860007,0.43883440661134276,0.34573947701087226,0.39495014900315173,0.12811985497252798,0.6308246146331765,0.12271840771805997,0.47144086530281437,0.7680078006976746,0.7524915403179812,0.22152150050237607
148,0.04728932513532935,0.45867449394624693,0.3414775097289712,0.45742825660855424,0.16462535256121946,0.4523625031575812,0.07138121956276389,0.4454042022187852,0.026866665631100073,1.0,0.17399934675702933
149,0.05018220128707296,0.4586823351687198,0.3382579535743543,0.39001471286151546,0.1381310152671711,0.411266404453305,0.03217790588656366,0.4305983877375117,0.02038826011153394,0.9999589510628254,0.22436225356024297
150,0.057499280978782985,0.4587375223823218,0.30648463278701943,0.4576168351312111,0.11631846046337535,0.47644980279305793,0.07572893050510054,0.44394964470414044,0.046717476285602966,0.9998999747463123,0.20641864021988132
151,0.7920998984919703,0.4672248918482641,0.24202264790289463,0.37639576340673686,0.157796050743638,0.618938043916022,0.09389184970738884,0.5125087732481599,0.7907366882529886,0.999982910687022,0.1902326094951018
152,0.031301758435841376,0.4583398198311326,0.3405719491123992,0.5389113469958711,0.2974690544203157,0.164480338259398,0.05140483454802924,0.4783022937965248,0.9287621563806936,0.9993686378803163,0.20291378234384694
153,0.98699814785104,0.4583660236551603,0.3599493415315336,0.6321439953858208,0.2883976087429473,0.6195532070398846,0.24546539066923034,0.4870837224162151,0.2461376675374971,0.15424106443408891,0.21410194619427414
154,0.05018220128707296,0.4586823351687198,0.3382579535743543,0.39001471286151546,0.1381310152671711,0.411266404453305,0.03217790588656366,0.4305983877375117,0.02038826011153394,0.9999589510628254,0.22436225356024297
155,0.045088353430510986,0.45886673317822635,0.3342045484899584,0.4481423668164196,0.13458420457073705,0.6303855084423561,0.06555540768890344,0.4235840081334834,0.028982797965677043,1.0,0.24088070334440514
156,1,0.4581788115361889,1,0.6876923218398153,0.8163661620106201,0.46885141634745475,0.139284743511482,0.9795918367346939,0.8947817584545835,1,0.5353228064408839
157,0.04346231214494267,0.45867274314497697,0.35931003417717955,0.4108775467411102,0.1983982984075433,0.630705981256547,0.06318005553814798,0.4722867406677055,0.8210614817033278,1.0,0.20953216719632084
158,0.06727577769579351,0.4586894926304983,0.32558738741145776,0.4851337535608644,0.20814904288592184,0.5540160502967485,0.09561281870877147,0.30035140602758226,0.9542450299446741,0.47304009009175585,0.06336874934260872
159,0.047990472127023676,0.4586669256981233,0.3089067233415238,0.43919686969271776,0.16926083619623167,0.41466846814625047,0.05230703691017902,0.4560402499905426,0.029098758106825273,1.0,0.23677627001880375
160,0.0632771451103441,0.4591170537947926,0.3446221043843528,0.42430783576190423,0.14963530640111133,0.630748263137226,0.07989008953026233,0.4721561732006906,0.04266595860722133,0.8865703780677389,0.19357013161328607
161,0.03752674938675138,0.4585896758413537,0.3380208411565637,0.44967073843797445,0.10886708724284666,0.4892916117700672,0.06332687782921498,0.46634336609050275,0.05136474714600536,1.0,0.14189890849790354
162,0.0544121640766313,0.4590334701737745,0.3211476417639607,0.426311440584631,0.18833289053524893,0.6287073773222858,0.05542200554714438,0.34898627745751154,0.05211302894628356,0.9997336209619813,0.21488303594777713
163,0.05853697146656911,0.45867369634973065,0.3203429790557022,0.45067841145913057,0.17566959288375017,0.5307368630691505,0.08240104252083236,0.42914086338737756,0.045381292710830246,0.9999801965563241,0.22722609554307804
164,0.06152234878330265,0.4588103300019274,0.30932028597707506,0.3976178096380122,0.18374351221811736,0.4229292978309809,0.04854352924177996,0.426035952100976,0.022921509933388262,0.9999824045665411,0.2367489255032591
165,0.2772749376215433,0.4582529276141095,0.3190367449101864,0.7472854505090321,0.7563853379033526,0.13528296077257718,0.16989376924800104,0.4750149200096573,0.9470609774408332,0.9997508048835575,0.3812574203254765
166,0.04728272595911176,0.4586512516917941,0.30870527249622093,0.4392014968379623,0.16926117300691979,0.41654668555426855,0.05230650390527891,0.4564607427113073,0.02897125963540248,0.9998573403858394,0.23677781859888825
167,0.05737429927714055,0.45856608098575824,0.2986961947950386,0.4541043847065931,0.23743129964003995,0.5917148652309101,0.05771424055086283,0.33127281885427184,0.8329039076585145,0.9999420565576284,0.1736423888787928
168,0.054955708921990754,0.45870474824029683,0.3107702590900887,0.43450222153428275,0.12279619331755498,0.48943751920766954,0.05499054755147548,0.42130692543917725,0.03653884536968388,0.9999802739119842,0.1688953091212847
169,0.034046394796760415,0.45864141108874046,0.328436013674835,0.42627358359966616,0.16431370144329294,0.2698970398995193,0.03937251083728954,0.4463240821689104,0.704430572721439,0.9997528926100354,0.20252942540012442
170,1,0.45833611506113714,0.8698022677043408,0.49887281754551416,0.15382752207571393,0.605659161768441,0.09403609733674256,0.49339408531389783,0.15380403140103882,1,0.23041884137813706
171,0.9345569267282665,0.5040121367538437,0.8900394117561498,0.9113146142444074,0.4112375305661713,0.5119862530723344,0.2856442265226431,0.968990248861052,0.9658369501793238,0.9998276177805885,0.2634100189773131
172,0.031872895350711694,0.4583523986147596,0.3405969569319476,0.5185014307978149,0.29746990814697394,0.16453152647604852,0.051394695743709584,0.4781954340315073,0.9249964328729641,0.9999514448899501,0.19271115479129586
173,0.057115588072519374,0.4590751717091973,0.32917891761603946,0.41426992541668684,0.16158549772708397,0.6305975096888452,0.05508219697621142,0.46582501929419595,0.04099067531013201,0.9997457945016716,0.2605128572596128
174,0.07973551905345488,0.459076346660779,0.29105094928415065,0.44035425067156053,0.2086861370591332,0.5711532705307522,0.10388202791631118,0.45913886528596337,0.7431338490928865,0.9998555742328384,0.2198164777243128
175,0.03752674938675138,0.4585896758413537,0.3380208411565637,0.44967073843797445,0.10886708724284666,0.4892916117700672,0.06332687782921498,0.46634336609050275,0.05136474714600536,1.0,0.14189890849790354
176,0.0583584099761848,0.4587633615588729,0.3078077446842571,0.3953550862227386,0.17873567864926831,0.40992676998764643,0.043893199061578514,0.4080208854047157,1,1.0,0.2368875741989942
177,0.08333757490498694,0.45867111031973207,0.8609425170713576,0.4132169595670736,0.16865606292255786,0.39686747498328645,0.04936773171464914,0.4129965607671723,0.6466596495615486,0.9994757536041939,0.23141842521760891
178,0.05480239308871382,0.4590715506478118,0.3134430122108166,0.40868346272287537,0.22243482352011623,0.628816379859072,0.050826425725920554,0.3491972766317055,0.03584215459857354,0.9999865155931179,0.22470301200957554
179,0.04633755349049884,0.4585435742431031,0.3198559763879505,0.3942974635682007,0.19111254434659264,0.20566027242275042,0.04954301318082377,0.46792473259715595,0.026692630207595713,0.999586900728008,0.21630446433579598
180,0.057499280978782985,0.4587375223823218,0.30648463278701943,0.4576168351312111,0.11631846046337535,0.47644980279305793,0.07572893050510054,0.44394964470414044,0.046717476285602966,0.9998999747463123,0.20641864021988132
181,0.041065568532822394,0.4586523303459793,0.3419813136148383,0.440276037614713,0.11724817833892831,0.4783040929716885,0.06084087975473684,0.45906558339787473,1,1.0,0.19665570300010815
182,0.06271355464302042,0.45901692447315245,0.32257319976614285,0.4837306012333701,0.14915893391430635,0.630653221473926,0.09092216023120392,0.4715135803500592,0.05934431342133195,0.9991180082331993,0.18684725487324694
183,1,0.4583888076416984,0.41659738848602723,0.44536418029850244,0.12671829092877795,0.5967216112541031,0.08293067787046615,0.4162940844977706,0.020562923459104376,1,0.19749703406799457
184,0.05296646195295185,0.45891135055940413,0.304037548105507,0.48814879130324385,0.1926770984308347,0.4098084763519019,0.062189571591875326,0.4019476235384961,0.06638325115874144,0.9999716840052975,0.18990761298961212
185,0.053686975887927146,0.4584849158124088,0.33435575393321926,0.4656951519666267,0.28021953641678066,0.495735110768469,0.07013145184028513,0.47731780025032633,0.07299260485884462,0.9999665575592672,0.15285303865005972
186,0.046761764551568,0.4582280491191688,0.3378966016019763,0.5743931586508262,0.5631986108238578,0.5294123055102278,0.07288289244824409,0.9848928028904919,0.35563202694338947,0.7185044825869986,0.20349753289214112
187,0.06262188320284023,0.458727168067792,0.31704495415300926,0.3962423367626997,0.16363510075600374,0.4344357242424881,0.04652924363111455,0.4398668054196315,0.6077733405517609,0.9971911345183234,0.2545416386740753
188,0.04799211461708075,0.4590470920061115,0.3430256072118303,0.4541594624762484,0.18093517850925267,0.6307112783078148,0.07392025167887661,0.4715695947169516,0.6993719403013923,0.9883261329653624,0.18669593486010772
189,0.061341145055558766,0.4587689627824927,0.30893372860592816,0.4737314797682951,0.1342645937542425,0.43432380558490147,0.07787159190350246,0.41659397279960075,1,0.9994663820704376,0.22315541646216286
190,0.04521584888868391,0.4585478333935369,0.3189991464534896,0.39464121058731205,0.24495109292735706,0.20449061348593933,0.049437744815889695,0.468603189697993,0.030180949522810696,1,0.21537496165606052
191,0.5867504143972104,0.4581938859260948,0.3226303210922038,0.806101762123802,0.8145396976668563,0.4778677458184688,0.37535442674472497,0.4752221358042843,0.9803336769964718,0.9957038998077032,0.6258988412668829
192,0.047990472127023676,0.4586669256981233,0.3089067233415238,0.43919686969271776,0.16926083619623167,0.41466846814625047,0.05230703691017902,0.4560402499905426,0.029098758106825273,1.0,0.23677627001880375
193,0.03298097518853904,0.4583510877891589,0.35068753318220824,0.5552176612604616,0.25923056937061173,0.5078659452156055,0.054684853169186365,0.4795608148199956,0.9579250917528801,0.9999487338313374,0.3072939079259668
194,0.05802375995014497,0.45852904594362054,0.3118229696332995,0.7151259950900009,0.26888501183460267,0.6294762006110994,0.1218252713244069,0.47476981145313135,0.9940151110746109,0.9998619039509781,0.22872807166096898
195,0.07158353779289517,0.4586620662911782,0.3257939730782353,0.4217305526131503,0.27676754899618694,0.6307129204482537,0.12038264665695286,0.47229723255531997,0.01850474637057775,1.0,0.20932252313117838
196,0.07155428311311751,0.45893284679496127,0.3395705712548669,0.5172971373783416,0.195227342252545,0.5627455586046639,0.07146062206397463,0.42353307530559314,0.020969854487344564,0.9999813657413188,0.21386506474669165
197,0.9221828631298739,0.4584155206946656,0.33204253949952167,0.37982002518984315,0.28415490406080246,0.6076735967243301,0.14915409076993869,0.43550250856116623,0.888083838367772,0.9993595465512586,0.2310214695532593
198,1,0.458443919602049,0.227042226942205,0.45656575776351604,0.20153560592478015,0.5996701489162881,0.07478737892914111,0.3028370330205893,0.02347012626753997,0.9947565475816371,0.24084776431290678
199,0.05863284094518162,0.45898153231603755,0.3343441945737573,0.4703533290044982,0.2192840744730462,0.6307068725162381,0.08257565243999698,0.47226133689352046,0.4534220250048876,0.999921205932377,0.20273991634219157
200,0.054786633920852146,0.4586516525256281,0.320408975527288,0.40942936327976087,0.18639454995141835,0.44512265146496655,0.05134772359747852,0.4417805757958083,0.029319750002038125,0.999914734123045,0.24513941084976276
201,0.05500255269323473,0.45876576394913826,0.33808217343697955,0.39044091481571386,0.13434855557049696,0.8787178686329694,0.05695033183086495,0.47355927801019726,0.027969366067704504,1.0,0.2093157944462588
202,0.03752674938675138,0.4585896758413537,0.3380208411565637,0.44967073843797445,0.10886708724284666,0.4892916117700672,0.06332687782921498,0.46634336609050275,0.05136474714600536,1.0,0.14189890849790354
203,0.04950174200814883,0.4586129913617236,0.3230578080257738,0.48558191437709686,0.15512271453243864,0.5681510233703075,0.06214411208951409,0.4440023283466563,0.03929735757961561,0.9998969955940696,0.25203844205648207
204,0.04906937604860229,0.4588010179759605,0.2968337495446651,0.4549945106385619,0.15309235400873533,0.415107968516629,0.061273508563266854,0.419423042376484,0.022518956174859883,0.9999147126951968,0.18785696793122209
205,0.04728272595911176,0.4586512516917941,0.30870527249622093,0.4392014968379623,0.16926117300691979,0.41654668555426855,0.05230650390527891,0.4564607427113073,0.02897125963540248,0.9998573403858394,0.23677781859888825
206,0.4679834869547469,0.4587150988756362,0.33279069186658117,0.8062632650666306,0.8048573638680352,0.8676479295991872,0.31574335221467786,0.47520641348735226,0.9799063053577979,0.9978012217621032,0.5565422962112669
207,0.03403405628969369,0.45825152302622674,0.32438545234259264,0.5114690262421806,0.5054781681353241,0.15067372236487586,0.05780677326475614,0.9090714663052931,0.4499269641830377,0.4077852195007604,0.21809363357910905
208,0.04728932513532935,0.45867449394624693,0.3414775097289712,0.45742825660855424,0.16462535256121946,0.4523625031575812,0.07138121956276389,0.4454042022187852,0.026866665631100073,1.0,0.17399934675702933
209,0.05380286216148522,0.4589347151213983,0.31565338616054917,0.45886092784068144,0.13303990598168225,0.6303355214849629,0.07463708553909498,0.40628868558406617,0.03021597226662176,1.0,0.2121668176513677
210,0.9866173037126617,0.4589327146402753,0.28458484687515806,0.4076227217488675,0.33741238577777855,0.6091407509142472,0.15746088576628037,0.49338977596255984,0.026091523694899865,0.4845704845808936,0.20037337530196997
211,0.04728272595911176,0.4586512516917941,0.30870527249622093,0.4392014968379623,0.16926117300691979,0.41654668555426855,0.05230650390527891,0.4564607427113073,0.02897125963540248,0.9998573403858394,0.23677781859888825
212,0.9145249374798707,0.4589145444821058,0.3094586417408143,0.4334635854413832,0.26086469786106936,0.5842116682612086,0.12451760989004357,0.395054682349007,0.03068172219857701,0.9999712771782221,0.18080282749718668
213,0.9367066922558621,0.5114931440487007,0.8505483179051652,0.7205479222321574,1,0.5012348243660134,0.15856769297975426,0.9704155132582862,1,0.9998491536870787,0.26413527141619353
214,0.057499280978782985,0.4587375223823218,0.30648463278701943,0.4576168351312111,0.11631846046337535,0.47644980279305793,0.07572893050510054,0.44394964470414044,0.046717476285602966,0.9998999747463123,0.20641864021988132
215,0.05661262375271625,0.4588906191924357,0.3370140886109597,0.4399026234645418,0.11040058728023838,0.8914627237619613,0.06756670910638429,0.4731025690154308,0.0329238219846828,0.9998369895828934,0.24313593925060917
216,0.06203570642314371,0.4589898536886715,0.33875994418477495,0.46684881138560674,0.18165011648947338,0.6301912251757413,0.06215131068992563,0.41246243982612585,0.01988449862472419,1.0,0.2036946706492826
217,0.9851196148798403,0.42693483708331104,0.2228895741327015,0.8433666288960765,0.3260730778999641,0.6191760618189444,0.10515195228677165,0.4688778847902735,0.9821672144351056,0.9996217826303186,0.17898956007787026
218,0.053686975887927146,0.4584849158124088,0.33435575393321926,0.4656951519666267,0.28021953641678066,0.495735110768469,0.07013145184028513,0.47731780025032633,0.07299260485884462,0.9999665575592672,0.15285303865005972
219,0.04728932513532935,0.45867449394624693,0.3414775097289712,0.45742825660855424,0.16462535256121946,0.4523625031575812,0.07138121956276389,0.4454042022187852,0.026866665631100073,1.0,0.17399934675702933
220,0.046702699688019766,0.4585450366083368,0.3200103881442461,0.39602466836181116,0.13255420620225045,0.20654425867100024,0.051441150969759764,0.468402910003493,0.024082677663830543,0.9999694874713041,0.2059947064158667
221,0.05018220128707296,0.4586823351687198,0.3382579535743543,0.39001471286151546,0.1381310152671711,0.411266404453305,0.03217790588656366,0.4305983877375117,0.02038826011153394,0.9999589510628254,0.22436225356024297
222,0.9296944111870926,0.502614154100357,0.8947603371674386,0.9153931181283543,0.41115027536464865,0.5094162966976268,0.28069365270554225,0.9697414478978034,0.9603961918440668,0.9998315106673573,0.26335994165149135
223,0.020328229070154857,0.4583432506099684,0.3586994978966407,0.5693475402877367,0.28584198359125534,0.14109066802368764,0.047519653988395416,0.475756264720649,1,1.0,0.19713718180700268
224,0.9612603033323243,0.4618763348131676,0.2512769068778312,0.45572170338248086,0.27031649387376566,0.6103747238515378,0.051440151250567,0.5195299439305178,0.025123704160186278,1.0,0.18286042117268053
225,0.05430059585042735,0.4590172017289704,0.31672537724186167,0.45839169991842466,0.17410742135975654,0.6306584987256487,0.08475752748112753,0.4118144221619877,0.05538348738972232,0.9997942339167137,0.2466684988267681
226,0.06940869289487028,0.45889819844440005,0.34761741436386595,0.4578022474542729,0.16556882749094093,0.4342660867468777,0.06537646032414268,0.44270089126016055,0.019457165377779195,0.9999491890754729,0.20452313688110002
227,0.062199910581167694,0.4587800545467986,0.30896504867407715,0.4737326588129649,0.134260071967515,0.43409413469307057,0.07787425765694334,0.41662832577086706,1,1.0,0.2231325262421915
228,0.06152234878330265,0.4588103300019274,0.30932028597707506,0.3976178096380122,0.18374351221811736,0.4229292978309809,0.04854352924177996,0.426035952100976,0.022921509933388262,0.9999824045665411,0.2367489255032591
229,0.05481893418403849,0.4589256807610821,0.3219894121406628,0.4569059878903081,0.15073204690906306,0.8959222353532179,0.057598268358664995,0.4730248730073193,0.03170587665176794,0.9999835239963651,0.22173611806521076
230,0.043156824977213404,0.45906450193574055,0.32225637879188196,0.41404980407670233,0.15736955786084728,0.6307191533630652,0.08267307083921349,0.47138594652499066,0.06891911730089884,0.9997005725245991,0.1944595142155333
231,0.9118471390285038,0.5069782870569908,0.8475086107767498,0.7477431060018718,1,0.4935577780270972,0.15710497864597328,0.9718799617462267,0.2685439391265032,0.999912631799683,0.2546989949532187
232,0.05808231051036994,0.45889569228531435,0.32575367449975356,0.4234623442740201,0.13339239439343897,0.8769271892026766,0.03788513990577147,0.47371734459900483,0.0199354696901739,0.9999564470995583,0.2079643008217016
233,0.04346013412397909,0.45872233250689487,0.3365268966107483,0.4489446013758609,0.132203671465129,0.530232681366033,0.07657528077828335,0.44011743611244813,0.021922072248558466,1.0,0.19852762106767752
234,0.020328229070154857,0.4583432506099684,0.3586994978966407,0.5693475402877367,0.28584198359125534,0.14109066802368764,0.047519653988395416,0.475756264720649,1,1.0,0.19713718180700268
235,0.03518298882827964,0.4588534126247956,0.3422536858788161,0.49963210339250186,0.10154264586045558,0.6305536419493316,0.06227210018385898,0.46809565195807434,0.05420726489332539,1.0,0.1668922580106177
236,0.028634358900557988,0.45837525869689444,0.36901735813019454,0.4709131023989682,0.24606508491674173,0.48816528431793194,0.04852730255499238,0.47041346722401955,0.9141237586833777,1.0,0.18936280102444025
237,0.05425640217661065,0.45872701515042735,0.32937902023428745,0.46443206978782414,0.15778622415096855,0.4846795682425922,0.08664765839752586,0.4187509784695036,1,0.9999805773843062,0.1818009073202097
238,0.06156577481452696,0.45896142824456265,0.3119969722187842,0.4123681148214684,0.17528999284595992,0.6304641267319893,0.04553260541556736,0.4125901981469623,0.027608782188067282,0.9999157884823998,0.24669482154769395
239,0.041065568532822394,0.4586523303459793,0.3419813136148383,0.440276037614713,0.11724817833892831,0.4783040929716885,0.06084087975473684,0.45906558339787473,1,1.0,0.19665570300010815
240,0.045462975801223715,0.4589548194235047,0.32648693689477915,0.4865924575567019,0.15333299865200556,0.630542055167455,0.07101486859555917,0.45207611248128643,0.06956570128350703,0.999984719948155,0.18115454570302625
241,0.044756680469365095,0.45851550860251356,0.31990366118568603,0.4062318610225393,0.13255157241192905,0.20574766860964477,0.05139930810522719,0.4685393137107766,0.03416447902909048,0.999892493317611,0.20600267812719542
242,0.03095574808524748,0.45863833947533983,0.35084363838421173,0.4433680487595102,0.13127542054795993,0.3763898539177768,0.05438368782808012,0.47739161107182526,0.03632599588975016,0.9999766210190054,0.1884678103949392
243,0.04247963815432554,0.4586297143220912,0.3335370099453928,0.46904261956860405,0.09339539400619079,0.49239148797754684,0.05543386462073041,0.46243112705944056,0.05956202347827644,0.9995118240233939,0.15463581035383334
244,0.0681344655958962,0.4585028651761285,0.31030396444263564,0.49041677667626515,0.21639109279542168,0.5733001448971193,0.055625262827152744,0.331172973784275,0.9659198543982775,1.0,0.16847472804538888
245,0.04230455435855751,0.4586147658584854,0.33349517539287044,0.469028631649552,0.09339552730004963,0.4916085480672817,0.05536168885998949,0.4624177565880411,0.05951629232100353,0.9999478052090401,0.15461418746115974
246,0.07828208724179198,0.4590752728278331,0.3199648798981207,0.42395336817239637,0.2077349569159318,0.590065641943384,0.06181744793944943,0.3094008181005219,0.8670747614976783,0.9995790585868429,0.0913788267625898
247,0.05527230837783159,0.458996829932661,0.3228050230985189,0.46310650402540143,0.17882988903251917,0.6306623334479675,0.07374838018170449,0.4539007035759416,0.03343993445284654,0.9998259353404874,0.23970857703738957
248,0.07818411097702271,0.4589958646989233,0.31693845628254613,0.44913318192873064,0.2510237572566216,0.5722072828230785,0.07684499376924003,0.3063641461735839,0.9257270181358604,0.999008867852318,0.05930059377930719
249,0.950079861169375,0.49905517675367117,0.8900216539998487,0.9065819110669762,0.4252757607664106,0.508362570801079,0.29325058905277246,0.9702897218698793,1,0.9997918835360661,0.265897348569492
250,0.9433199046348136,0.4581580537336375,0.3223604466471305,0.8979409035129313,0.8553465608187263,0.4844844389766636,0.5691726069708737,0.4754356963888645,0.9905350211103457,0.9644658073965403,0.7891446120044543
251,0.06100639760686566,0.45874041002742627,0.31294423863517495,0.4573663817357091,0.14238042413819374,0.40990979902974845,0.07321541488700989,0.4467430341635824,0.03242489680081817,0.999979880970011,0.21604005881713273
252,0.029036464740760493,0.458793220048194,0.3290102531826158,1,0.12709484599053178,0.78617289560001,0.10011446895722242,0.47476472808739034,0.10451157832487212,0.9957726778608496,0.25354994450092305
253,0.08913518355776606,0.42957386745400383,0.4105093355396423,0.35957731997712183,0.14943625475205802,0.6179868458156769,0.15239655975899946,0.38556465528826556,0.08322488954744589,0.9999275475700636,0.2831112564111432
254,0.46105280882253186,0.4581999523718867,0.3351160907195412,0.6467795422291476,0.30404010221841127,0.4850172315341478,0.19453436181045503,0.4498501002352575,1,0.987159053498331,0.7807412303712671
255,1,0.45817014182026294,1,0.8500122294294803,0.849609376705019,0.7335713874483683,0.2603060782755079,1,0.9924221043016821,1,0.7130844018638756
256,0.1827173642388259,0.4583696865841944,0.3419958224798004,0.43422720402622594,0.18013411663716838,0.6118721630431644,0.19751772221886543,0.4622559401957489,0.9112640327272593,0.5712538555089371,0.24668871204335263
257,0.06903841799611998,0.45869384809902447,0.34804009155443927,0.45422948156050136,0.10357743971362288,0.5366659915937008,0.058104486580327186,0.42692594603102574,0.05358930181250965,1.0,0.19757767917212132
258,0.03150001468677133,0.4583407274537412,0.34162357902928653,0.5287410684436924,0.29627684402196075,0.18563260332803433,0.05103941141672086,0.47850010833621925,0.9252662988594932,0.9999482080519927,0.20282527994871236
259,0.05303424860834205,0.4584614236945803,0.3374413839703959,0.44801497144567437,0.25967783879348993,0.47259298903754576,0.0662172699264364,0.47801123221018693,0.06420874695085832,0.9995860556523433,0.15788923473018324
260,0.03859329973070824,0.45894481095486617,0.33808477599652276,0.4710691494224576,0.10724086834207625,0.6306678640638965,0.06829934233828339,0.4713167136021842,0.054635228645161016,0.9993926496417036,0.18091017380511054
261,0.058822624061779516,0.4588859309114143,0.31505354493967175,0.46994724728266113,0.14829521436377902,0.40929609221523344,0.07932183574134788,0.3966226924264552,0.07016689928534525,0.9996219821575578,0.20737246518656516
262,0.9475638899171319,0.5039587607381958,1,0.8857685336927024,0.4442982943455205,0.5150999907325522,0.32483576174550666,0.9671396584140614,0.9710212290016145,0.9997803429547418,0.2796957063565503
263,0.05256794904016049,0.4585343283538078,0.28963116301858294,0.795111185655929,0.22699954747871665,0.5466871660627464,0.10425907430671921,0.2864386545466442,1,0.049147443966085946,0.15969606170629713
264,0.2605042760012004,0.4611742474471585,0.323869884715965,0.41400431841762375,0.22416858637754777,0.5836489439601522,0.06725094437304269,0.44536160836236505,0.041163157792666105,1.0,0.19894638363241346
265,0.06497742898978454,0.45879648556304764,0.323487193051918,0.4278600150342582,0.15744669852073312,0.6306744760246465,0.06775395519850369,0.4718293848511037,0.04433294597528292,0.9998778677589674,0.1770180781680264
266,0.10841453321797956,0.45854722709534157,0.9239962142767291,0.46257915911027536,0.16008535537707347,0.48807711664401354,0.05682177293584367,0.42558104648903605,0.5598534157439987,0.9999675253151886,0.1884389513454856
267,0.030993794571653632,0.45834442108714113,0.35361702881958446,0.5283218681376507,0.29534748302304015,0.2998862853791947,0.04991019085305759,0.47787862793080893,0.9293709801678465,1,0.20222235410657197
268,0.0466533785215979,0.44902118859724316,0.35542557778718054,0.39931105517295795,0.2051986526510512,0.6307807803856686,0.06752680013761703,0.472007941637575,0.03926320802061756,0.9060771567765484,0.2126367933153911
269,0.05536303161981293,0.4584608890944071,0.32832972162913077,0.5076200701807698,0.29568486390587234,0.5541930002681603,0.06739008898714738,0.453699147987228,0.08266664795465117,0.999464290638085,0.22634982324197428
270,0.043857103618880844,0.45882515874286156,0.3358879701694435,0.4311592531964271,0.10953349738771911,0.8963696044901924,0.06285189234962563,0.47372214593577855,0.0460183113554169,0.9995046562314246,0.1596398672497621
271,0.055192766814892824,0.45870173099072087,0.3108514484512124,0.4345173466374168,0.12277563098943234,0.49031618707584945,0.05500252340436751,0.4215079298237041,0.036686974223609226,0.9999605702851097,0.16892303704856082
272,0.06578876897461661,0.45855622471957513,0.32476998387221323,0.39705874101468186,0.160822325973762,0.6029979249496451,0.05695060244613914,0.5352398680252755,0.03334027487445501,0.8765557249482042,0.23193545705352037
273,0.04904030261473957,0.4590515211266487,0.3216839875652795,0.41780154114354584,0.20281728008148658,0.6168382495415635,0.045776737584367844,0.3306527982729395,0.042649555564923114,0.9999856332692014,0.14588529530439887
274,0.24963388383736473,0.4733191998845163,0.4566064880217765,0.3801951422892893,0.208823006387991,0.633428865624339,0.0923778618840333,0.6763628092827705,0.9755207910163707,0.6275134082693159,0.23543975705463827
275,0.9445687466699816,0.4581731192475621,0.3319626722534321,0.6891470041993237,0.7353024591578582,0.48552221295202935,0.10597883138804787,1,0.653742823407234,0.25634905689276943,0.40929483205260486
276,0.031872895350711694,0.4583523986147596,0.3405969569319476,0.5185014307978149,0.29746990814697394,0.16453152647604852,0.051394695743709584,0.4781954340315073,0.9249964328729641,0.9999514448899501,0.19271115479129586
277,0.052436615086009275,0.45870799858835987,0.338165739186679,0.39000134274200005,0.1381742290498107,0.4088514785595606,0.03221188301158484,0.43009182439034976,0.020419673403510585,1.0,0.22438218159747103
278,0.9307541907707628,0.45847435728588226,0.2856978235645946,0.38949237799381176,0.17092289001591565,0.5921046990762286,0.11524803067294942,0.460405616171618,0.7993027459643055,0.9996114253997588,0.21260698936182687
279,0.03752674938675138,0.4585896758413537,0.3380208411565637,0.44967073843797445,0.10886708724284666,0.4892916117700672,0.06332687782921498,0.46634336609050275,0.05136474714600536,1.0,0.14189890849790354
280,0.06575415679014873,0.4590295342878168,0.32022668039224533,0.4587648537019102,0.11513926806410835,0.6305742781987644,0.0850917767809155,0.45911664188808643,0.047026697574023335,0.9996421443541614,0.22736055734111316
281,0.05756666676360511,0.45870831083152164,0.30880934586542375,0.39764448603566893,0.18362841453479795,0.42250226937254254,0.04848318446069988,0.42647680820414524,0.0231662249639627,0.9999722536394929,0.23665312491184898
282,0.057629838933199284,0.4585771570344688,0.32568712862115345,0.4331321682655498,0.19473534981928942,0.21929374437312077,0.053875999239207495,0.4732789919643413,1,1.0,0.19187209346449408
283,0.07528193330224364,0.45846371005112696,0.3561780950963639,0.48355540116256024,0.17025533773006396,0.5804497494718961,0.0944876088053005,0.4756940529463942,0.9361189090669099,0.9992164284012239,0.2536576586369995
284,0.4747897544114673,0.4581897155900212,0.3226326959695913,0.8163077237039162,0.8145365850644012,0.4793551131718732,0.4977700361251476,0.475164625843878,0.9905365601450099,1,0.6258958992923822
285,0.0538341211447424,0.45852517748486843,0.3033751472451638,0.4653889892617593,0.27618597974968095,0.5851805143625711,0.06358846229889636,0.32545112792068853,0.8913473672810147,0.9994163973072403,0.14781896613602774
286,1,0.45855070327682534,0.3146969827990802,0.40571888360929076,0.15434913717978826,0.2078279348738249,0.05266143701273751,0.47330516193408323,0.023420789267980968,0.9999674205615889,0.21498771698263586
287,0.06640522745907718,0.45890928676213194,0.3278818823704237,0.3931210192683722,0.12657331589323606,0.6307846068106004,0.11108001247411148,0.4730844435913413,0.47486849658064845,0.12948525515889298,0.213632871078555
288,0.4333565161046914,0.4588295880868789,0.30236299381212994,0.4359638822744716,0.2747326586566512,0.5774350744363073,0.11629625106172325,0.4574003528710525,0.021887740752631446,1.0,0.19632133269945506
289,0.036706330637782836,0.4585716277061289,0.33788227225663103,0.44967294386684553,0.10883754867750495,0.4903066298286829,0.06331167055351494,0.4663716368180363,0.05132628790103633,0.9999746238708277,0.14190145572977675
290,1,0.458203415333847,1,0.7791918168954526,0.3923390400757474,0.5252426881822674,0.07494599215261322,1,1,1,0.36774314950803433
291,0.051369347190031056,0.45847786003580415,0.3374674423049264,0.4582438158377473,0.29026849320144044,0.48545575840923794,0.06617914594575425,0.478123334799731,0.06417990100021531,0.9999701193685021,0.1578941590136983
292,1,0.45815392643364217,0.32204026799223984,0.9096403610667423,0.8746023608283633,0.463968889930253,0.5602096951782713,0.47533996707275117,0.9890751029094432,0.9375429947259799,0.7990453304991549
293,0.051863560330540404,0.4586980807518547,0.32669207377087994,0.45478456465423645,0.29041660755378995,0.8879394175807402,0.07183765459442282,0.47351046084756787,0.050079693740883724,0.9998982681077442,0.1692379636486262
294,0.061197256019482005,0.4588589728143405,0.3171295788251095,0.40610074090573434,0.1155967209465093,0.6306029014415282,0.05011830652469529,0.4596045777116078,0.02421670048722646,1.0,0.22725402527308458
295,0.05756666676360511,0.45870831083152164,0.30880934586542375,0.39764448603566893,0.18362841453479795,0.42250226937254254,0.04848318446069988,0.42647680820414524,0.0231662249639627,0.9999722536394929,0.23665312491184898
296,0.046702699688019766,0.4585450366083368,0.3200103881442461,0.39602466836181116,0.13255420620225045,0.20654425867100024,0.051441150969759764,0.468402910003493,0.024082677663830543,0.9999694874713041,0.2059947064158667
297,0.11264111269904564,0.46288338585153144,0.2507147242919088,0.3753095741722291,0.17198484680660797,0.613083337774617,0.06619496821488102,0.519450448647085,0.6158265860240759,1.0,0.17350857529151587
298,0.06147734363955748,0.45893300890969035,0.32220100605611557,0.40884622712593743,0.1367923082696767,0.6306629598126537,0.05539868298622075,0.47212408543215567,0.027532895636515176,0.992140524780903,0.22754142054328497
299,0.04361160204148273,0.45850239032051954,0.33323122509695846,0.44279788869505043,0.24223102601479463,0.39654566654944445,0.06842556139528988,0.47696037060635565,1,0.9999684386365751,0.14331852597932992
300,0.06890724859152841,0.45908272374720616,0.31801113304743034,0.4162972031781371,0.1919906202702507,0.625816593028675,0.05899390268040061,0.3410644286767919,0.07836594337745806,0.9998086187443556,0.23263612487886343
301,0.9296944111870926,0.502614154100357,0.8947603371674386,0.9153931181283543,0.41115027536464865,0.5094162966976268,0.28069365270554225,0.9697414478978034,0.9603961918440668,0.9998315106673573,0.26335994165149135
302,0.047451358160859325,0.4590538525456017,0.3198347626036617,0.4146515255855011,0.16419490314617047,0.6306679483451225,0.06559953619977155,0.4697328262068995,0.05836647804046735,0.9999373469152315,0.28014885816010393
303,0.7293430976911682,0.4581894220791214,0.32257077799655476,0.8061026220932824,0.8145392748093505,0.4819328453677253,0.38555251090314735,0.4752309652468989,0.9803331995749726,0.996626226915142,0.646303904090915
304,0.04959656154164738,0.4583172843740927,1,0.5615852419556459,0.2551453334523224,0.5017081453164036,0.051004895999973265,0.4719337340198757,0.931957418705445,1.0,0.19518167869554814
305,1,0.45861227484334255,0.3329190923960329,0.4415317482705676,0.09976528056199974,0.4736436679609136,0.06086067478999213,0.46770577502433364,0.07207142176107262,0.9998705595668171,0.14772633944160118
306,0.7117928824939167,0.4581701242074876,0.2720772689751513,0.7390932815024582,0.4916350242063944,0.5136451854413493,0.5881803806931893,0.47015378449954726,1,0.9319786691983106,0.9146429563955228
307,0.947629897453592,0.5030654571862886,0.87972761516897,0.7974403322484052,0.42233075259560515,0.5160372230390284,0.3720925343443713,0.9713270872128922,0.9794394841904235,0.998178252761954,0.2918146982947444
308,0.1508174851399533,0.42988684486321294,0.3576157564490162,0.35120603743748524,0.16030479999345482,0.6180708019409249,0.11334020820965829,0.37376733617793456,0.07694870185645775,0.9999258092943425,0.2682241179496664
309,0.11630080916831809,0.4588424622933305,0.3297899441476704,0.3770002465390577,0.2146261946003194,0.5861881336598402,0.07714873462280125,0.3984173092985166,0.0856834482561375,1.0,0.2626874861643327
310,0.9433199046348136,0.4581580537336375,0.3223604466471305,0.8979409035129313,0.8553465608187263,0.4844844389766636,0.5691726069708737,0.4754356963888645,0.9905350211103457,0.9644658073965403,0.7891446120044543
311,0.05197565873302945,0.4584582491478818,0.21880388427522524,0.39911151003208956,0.30182282322622456,0.6025742208844017,0.21749329360225678,0.480684257354286,0.9813291972201129,0.20605403651447451,0.22513820860741696
312,1,0.4583034966621219,0.9397121137268298,0.47151338602555226,0.4337045332184081,0.5127811360072578,0.06949356793080574,0.966790620803636,0.12578985775553309,1,0.18588954632956112
313,0.07847061939889766,0.4584518305727803,0.9486512973152234,0.4724022533759674,0.31585567946174464,0.5094416835994922,0.06906112082159088,0.4727576847673315,0.09087848114517671,0.999239904566781,0.16707286687233602
314,0.031872895350711694,0.4583523986147596,0.3405969569319476,0.5185014307978149,0.29746990814697394,0.16453152647604852,0.051394695743709584,0.4781954340315073,0.9249964328729641,0.9999514448899501,0.19271115479129586
315,0.9127679991150401,0.45815947787402667,0.3224169834373384,0.8775320487102694,0.8451459351691208,0.4756587772268015,0.5283655830803797,0.47537678591038,0.9905367114643759,0.9796807103335012,0.7687385581728192
316,0.06907531790546195,0.4294742148439511,0.41355969619937905,0.3631065061832818,0.09377116271434394,0.6193854642953516,0.07392494871111355,0.38723091810561516,0.07443290433592364,0.9999394392182205,0.24148739817114928
317,0.06344653235454689,0.4588819829572245,0.34003650399149554,0.4249651575369239,0.203230616371038,0.5645337519959209,0.11247704826985216,0.4370947000446441,0.024894510062560604,1.0,0.22821729991366302
318,0.04728932513532935,0.45867449394624693,0.3414775097289712,0.45742825660855424,0.16462535256121946,0.4523625031575812,0.07138121956276389,0.4454042022187852,0.026866665631100073,1.0,0.17399934675702933
319,1,0.45832835697817675,0.3458983935062421,0.5597199553782528,0.27465520260595744,0.16907008254154632,0.053060341424370994,0.4778926317493255,0.9312916757551885,0.9999387919164945,0.20032314175187926
320,0.9433199046348136,0.4581580537336375,0.3223604466471305,0.8979409035129313,0.8553465608187263,0.4844844389766636,0.5691726069708737,0.4754356963888645,0.9905350211103457,0.9644658073965403,0.7891446120044543
321,0.04625887152261976,0.45847713718019134,0.3287479487153464,0.4635814110351951,0.2639516185332824,0.5771238376152639,0.08514661476520802,0.4707045148949335,0.06377901102527672,0.999905381345916,0.2221221576952206
322,0.9296944111870926,0.502614154100357,0.8947603371674386,0.9153931181283543,0.41115027536464865,0.5094162966976268,0.28069365270554225,0.9697414478978034,0.9603961918440668,0.9998315106673573,0.26335994165149135
323,0.08789429280112637,0.45938449367549106,0.42710980571524293,0.3630791579191208,0.12701811255328055,0.6299025993446825,0.125053804492803,0.4581117690487442,0.9665743778394594,0.9989743073924696,0.28866694786497726
324,0.11995439007329212,0.4603588337452573,0.435263389994623,0.3776150541525287,0.18095448676005987,0.6310386020852802,0.6703618285697002,0.46818436724822166,0.972419983712953,0.9947930806693825,0.2738169783342057
325,0.060937166850170144,0.4615572778561209,0.4533042576478643,0.5506643928280286,0.13931987551945602,0.6310081865792485,0.07738227756564398,0.4686183917115829,0.9690314152943446,0.9975136175826637,0.22873385746954278
326,0.9082134828792146,0.5140369892484569,0.8661734796818852,0.8568420696857278,0.3735933059087335,0.510529058775824,0.4843298019290345,0.968772968098529,0.9797036020954969,0.9990031921667477,0.27682383770293173
327,0.06942142451378408,0.43857844975853255,0.43702713515556524,0.34748099258837584,0.1781379237568096,0.6308982358577446,0.757046692794211,0.47250449750970847,0.9645621145426122,0.9997285312633085,0.2427487199492836
328,0.12180831619437138,0.4601501522375341,0.4356241127757483,0.3676375537889063,0.1370190133808784,0.6309817594551317,0.09457642167303315,0.47027160862336814,0.9602914252354078,0.9996871956383891,0.27345157295717504
329,0.03737012069363643,0.4598301628770449,0.45931458840744543,0.3534401708612772,0.11184549709507507,0.6310586384203356,0.057897753138471786,0.46821779384934215,0.9399113941860585,0.9556773538550289,0.26864600582495
330,0.08190447766697084,0.4619292993680527,0.44457838969124597,0.35873300322971247,0.1432039443404769,0.6311507514110097,0.08443926992395001,0.4688328736020271,0.9696267051827816,0.9998601922510612,0.2523525612789803
331,0.07779710122152061,0.46118061722702675,0.45242968878630996,0.35942918563845216,0.13041486888635723,0.6310850010515736,0.10642591603236928,0.46878600850823027,0.9626800427443318,0.9996413521851885,0.2632354739861891
332,0.15538842403449582,0.46014465761094925,0.437571395070959,0.36260773413669845,0.16845551630284794,0.6313283452760022,0.06767191382194715,0.47310589814080894,0.9634153498621368,0.9997031953701231,0.2565303166982862
333,0.11933177118224902,0.46162684580725266,0.43487884507025576,0.3678044372721697,0.14836672598217793,0.6344267660030174,0.05473403446630476,0.4750797202675673,0.962879077968922,0.9930110865996122,0.2685059239543982
334,0.05690438213772908,0.45880681062843753,0.40427449205294474,0.34944236743537793,0.1270282484404559,0.6237645071509903,0.3772900679159854,0.4730764734824201,0.9537054389391303,0.9996408492504505,0.24588999586938998
335,0.15504062187297962,0.4600871079017148,0.43783255341467286,0.3605140036325013,0.18392680824204777,0.6312141072423681,0.13188044011747235,0.4731062755626344,0.960137397724208,0.9997005590092765,0.2692981135674912
336,0.1234947168722147,0.46159822395604677,0.43765163832935594,0.4041951279618551,0.17512358316173715,0.6313360584665284,0.1944762299568884,0.4713403458811688,0.9679662984680357,0.9996263791940049,0.23663196670142084
337,0.11822245296670097,0.4611621157517668,0.4378632731677682,0.36016690506215177,0.14044683885514364,0.6312735366261886,0.4339229342177301,0.4712299982726219,0.9699362335108225,0.9995818731938142,0.25632309296890743
338,0.1290151812195982,0.4605745860847539,0.4316170206608646,0.37604446173623896,0.17124187890149645,0.630907465750175,0.08791078907363714,0.46896487311896073,0.9691854827397638,0.9989241149782585,0.2703619540495311
339,0.1755622115137927,0.46187967966835086,0.4347180529265712,0.3651649693827481,0.15438720730588296,0.6302063865979687,0.10341090353227356,0.4729868264135515,0.9624593923590942,0.9996498467672629,0.2703686772424071
340,0.10274180826929125,0.4602652868559577,0.43629823401301226,0.36891676885760116,0.1715534364528476,0.6310970899789661,0.10848927508140749,0.4674699502154228,0.9661431122315565,0.9995936512510528,0.2645890849272041
341,0.09903687380448523,0.4597335097654469,0.4235810759169124,0.35905543060826106,0.1280587843099812,0.6298271345612134,0.06623415118012288,0.4540935454594368,0.9607382898421977,0.9996992726159397,0.2871172700612329
342,0.6781379916917079,0.5257197520211105,0.8233604283204838,0.5692356436955396,0.4313817713303212,0.5155729969980825,0.2714766579853999,0.7899159482686444,0.9792757000309362,0.9994875974640117,0.3492018070519699
343,0.6645068036984998,0.5265875745262254,0.8339044999270366,0.5623899129931348,0.4279923963423068,0.5117549810254366,0.2653848113880801,0.7870177714224306,0.978690580630216,0.9994833575408829,0.3465710548410452
344,0.6832409834224878,0.5248396961017647,0.8270661581624323,0.5660659327752864,0.4309843385540023,0.5134946325144396,0.27048434111786934,0.7950892824397843,0.9813932834837397,0.9995064501882909,0.34835134294899817
345,0.6934111340395626,0.5258685985955796,0.83938018990276,0.5663134860391623,0.43612849363563466,0.5149726862173654,0.27054996025765476,0.7844029981133508,0.9818311702958817,0.9994197266865873,0.3515448053653045
346,0.670006955307713,0.5263481468749562,0.8349215973415032,0.5644980318634978,0.4292558940968785,0.5141696726675133,0.2672217608592836,0.7893639358075335,0.978204490057805,0.9994906736548514,0.3470230501346563
347,0.6739797934532226,0.5263961219324984,0.8316452177085398,0.5690493440217574,0.4291791492114745,0.5133446076707588,0.2678912126812537,0.789949553592083,0.9797845053641235,0.9994845418292498,0.3473078119472759
348,0.6770781312887793,0.5253871884235992,0.8335272793660058,0.5659664165024226,0.428626784520028,0.5124949415780178,0.26681092975710285,0.7920220084320677,0.9810772789532595,0.9995194042935245,0.34618698987906316
349,0.6709682728243607,0.5261939019488632,0.8307645045980987,0.5637009338341568,0.4280819682895637,0.5133235567527745,0.2665552871271739,0.7889697888463558,0.9792809889759246,0.9994887250856743,0.3466222634049758
350,0.6713155009783567,0.5261363645251416,0.8311982475529787,0.5629684698916855,0.42748370264104973,0.512359092081354,0.2656854198872113,0.7887880737644186,0.9802829908022949,0.9994943369081956,0.34599446563481595
351,0.6636890010170493,0.5265028614278652,0.8341647854200903,0.5624771796458374,0.4290566338750831,0.514711096173472,0.26735398195195503,0.7863671665685521,0.9780839079856589,0.9994749329516288,0.347441415337825
352,0.6657803515640401,0.5263821499801805,0.8302621754318356,0.5639179398530171,0.4288378268266734,0.5137417977054779,0.267228381958852,0.7874694042735195,0.9760821879576049,0.9994756731223639,0.3470481431896133
353,0.6924759305245317,0.5261656975328356,0.8322033189521267,0.5665339039419668,0.4281781007201796,0.5137342312187974,0.2641628655059599,0.8134873584539082,0.9804229929410223,0.9996094386240206,0.34652592846769736
354,0.6757137551622884,0.5257251966225884,0.8295583288078936,0.5653491861880378,0.43071481414417134,0.5127203984759241,0.2701095831884729,0.7920892966566904,0.9804917069153013,0.9994922361029143,0.34845861141910506
355,0.6722941742384815,0.5259294982677674,0.8268595149398685,0.56751699300939,0.4315753665217006,0.5158879387279858,0.27215730511803726,0.7885112112288423,0.9786180875912535,0.999476756173309,0.34924211528266735
356,0.6990507114402309,0.5261419193646446,0.8288671066374157,0.5661869430664058,0.4283535261921093,0.512594610374343,0.2630754080123592,0.8154406852359231,0.9810220332385018,0.9996148958558524,0.3460934429173328
357,0.6692509227554075,0.5264421317234491,0.8274357352208793,0.5707311704201821,0.43003120151531626,0.5154628639229129,0.27035821068045707,0.7842580014233065,0.9781048028195215,0.9994643216417647,0.34842215815203104
358,0.668142827153783,0.5263759236111242,0.8300758175549674,0.5669770426867226,0.43014530314396837,0.5146628110854716,0.26952404837185695,0.7866360669461143,0.9797041267979565,0.9994745220508722,0.3483475385679837
359,0.6683889895704294,0.5252120375681324,0.8361408991103586,0.5607312141258014,0.42680950644681204,0.5114938912717918,0.26463955695584385,0.7893180808932965,0.9758456430097279,0.9995065297557365,0.3457993018929242
360,0.6713973063618062,0.5259446191157312,0.8349292112612385,0.562203818110374,0.42699539341056136,0.51144076865151,0.2648954773549138,0.7910743909104107,0.9803284581887795,0.999507189654667,0.3457767339115927
361,0.664752319499549,0.5263190850606018,0.8308547516966756,0.5637080304340439,0.4281901708323994,0.5136158461378539,0.26730524185583815,0.786310394368505,0.9788352844706936,0.9994789648830192,0.3470729825376335
362,0.6788565435659859,0.525354429127632,0.8192582253758213,0.5666355785785863,0.43504052603909715,0.5163026461621931,0.27649805586354803,0.7927345738132039,0.9796862321228784,0.999488289047058,0.3518706725114261
363,0.6792420397624342,0.5259986611076195,0.8294971472431042,0.5669819094615378,0.42934415475382726,0.5137376062115082,0.26723316682873144,0.7911334204236277,0.9799400851479135,0.9994974777039216,0.34654273098321164
364,0.6950753224517238,0.5257644251128433,0.836421919669423,0.5624747227862461,0.42728419759673375,0.5119367127259178,0.262246143984157,0.81630930299732,0.9816253906149346,0.9996204174076766,0.3455428218952883
365,0.6692733971977082,0.5259425081221593,0.8400338126435217,0.5627385083625133,0.4262845018335705,0.5107526789169989,0.26341640521103493,0.7920339758344415,0.9778647547207805,0.9995109057858028,0.3453800115675798
366,0.13482091868357093,0.45005588316498635,0.39606633132867686,0.4616926252070708,0.3096543760740915,0.5578783356307099,0.11432288783510225,0.4104260733830698,0.043456806369551626,0.9774873986339604,0.2591985328580655
367,0.3303656436045763,0.45021834876138844,0.400524736386661,0.429001285738118,0.24326727578422902,0.5378393334120751,0.10518301822423959,0.4378074061112871,0.5660905267375422,0.9181504240516011,0.2863097844876886
368,0.21297056340668763,0.46058821751589785,0.3772706455379692,0.4951667319148624,0.19609027920368605,0.5528617888238314,0.09478863191324494,0.4306464953488287,0.05056324576764659,0.9548006091989046,0.20617964691629131
369,0.07381524568112696,0.46001968930323467,0.31330410000665454,0.7278036091333968,0.614581169825053,0.5408680054993728,0.12440136540567615,0.37634269144090304,0.9795918367346939,0.9612542774318698,0.3177066144400176
370,0.12550885804702638,0.45968370252725266,0.3893236702594848,0.4504916443636475,0.23016361820277875,0.5293135204309636,0.10744419411152895,0.4218070954930171,0.02590778828387863,0.9364711399856744,0.2887550360700146
371,0.05477318132119646,0.4587006025790664,0.34020707194914324,0.4624010758238417,0.262877102342445,0.5444219171388069,0.08333803266522333,0.3975005992299553,0.8768535786204483,0.9153878974655306,0.23661234125145147
372,0.4871259796100432,0.45034324224404276,0.38726510203391307,0.47971422410173203,0.38733533271917187,0.5606791456360596,0.11484151574729429,0.412166711323683,0.07200631716289319,0.9825688780865368,0.25152357502479195
373,0.12939893033186511,0.4603126541740238,0.37132644516700186,0.4508445322197965,0.2804477507520342,0.5573407956308158,0.10195058321993955,0.41722203049458984,0.0217068985804183,0.972933708023874,0.2886455315960448
374,0.22376968098388372,0.46015454273677536,0.39964269176072564,0.4665890073849177,0.3198384688065399,0.5602386942858306,0.11474490007614813,0.4258526288297806,0.3687158451047826,0.9840859185816435,0.27764286025582485
375,0.19642832519698095,0.4601151196129589,0.3942080489443962,0.4649359213937905,0.26545224676505896,0.5634470954680241,0.12072976895596055,0.4271277577638477,0.6708145327430464,0.9457649635872062,0.2666980597587524
376,0.11213238369888301,0.46041490637173366,0.39490115700801165,0.4516517506602351,0.32572896774497373,0.5632601198360632,0.10742234201629208,0.4197102625124849,0.07069248127075312,0.9817082629575513,0.27222927163342814
377,0.03306299258295731,0.46018213117117523,0.3088419630246857,0.4190378466784477,0.20325250639410286,0.5332120790130199,0.10778899536792674,0.4363014647440263,0.035736608769675104,0.9368577238975803,0.272351988805845
378,0.04004344959665407,0.46110171142110834,0.3687755468354348,0.45856564063412264,0.25914750782403473,0.5404669045411823,0.10347821431392656,0.4245336931801019,0.7430619474308746,0.9242588124358678,0.2850400587836346
379,0.09459385284523047,0.45021167048752886,0.37833482829759224,0.46467660075896766,0.3444293233452893,0.5434947470002366,0.125610695201533,0.43647645263003176,0.3066461979916173,0.9799256652082923,0.30348058072666795
380,1,0.5109429981349007,1,0.8831167846443274,0.4589651541083263,0.5282341209033665,0.3440326396593204,1,0.9754343455859659,1,0.29609738106697325
381,1,0.5109429981349007,1,0.8831167846443274,0.4589651541083263,0.5282341209033665,0.3440326396593204,1,0.9754343455859659,1,0.29609738106697325
382,1,0.5109429981349007,1,0.8831167846443274,0.4589651541083263,0.5282341209033665,0.3440326396593204,1,0.9754343455859659,1,0.29609738106697325
383,1,0.5109429981349007,1,0.8831167846443274,0.4589651541083263,0.5282341209033665,0.3440326396593204,1,0.9754343455859659,1,0.29609738106697325
384,0.9881054879390173,0.5145770866947668,0.8945131232949732,0.8871761440137945,0.43180250145655596,0.5096359599899354,0.30491948525144896,0.7036852089621991,0.9788209172229646,1,0.27705839740023464
385,1,0.5109429981349007,1,0.8831167846443274,0.4589651541083263,0.5282341209033665,0.3440326396593204,1,0.9754343455859659,1,0.29609738106697325
386,1,0.5109429981349007,1,0.8831167846443274,0.4589651541083263,0.5282341209033665,0.3440326396593204,1,0.9754343455859659,1,0.29609738106697325
387,1,0.5109429981349007,1,0.8831167846443274,0.4589651541083263,0.5282341209033665,0.3440326396593204,1,0.9754343455859659,1,0.29609738106697325
388,1,0.5109429981349007,1,0.8831167846443274,0.4589651541083263,0.5282341209033665,0.3440326396593204,1,0.9754343455859659,1,0.29609738106697325
389,1,0.5109429981349007,1,0.8831167846443274,0.4589651541083263,0.5282341209033665,0.3440326396593204,1,0.9754343455859659,1,0.29609738106697325
390,1,0.5109429981349007,1,0.8831167846443274,0.4589651541083263,0.5282341209033665,0.3440326396593204,1,0.9754343455859659,1,0.29609738106697325
391,1,0.5109429981349007,1,0.8831167846443274,0.4589651541083263,0.5282341209033665,0.3440326396593204,1,0.9754343455859659,1,0.29609738106697325
392,1,0.5109429981349007,1,0.8831167846443274,0.4589651541083263,0.5282341209033665,0.3440326396593204,1,0.9754343455859659,1,0.29609738106697325
393,1,0.5109429981349007,1,0.8831167846443274,0.4589651541083263,0.5282341209033665,0.3440326396593204,1,0.9754343455859659,1,0.29609738106697325
394,1,0.5109429981349007,1,0.8831167846443274,0.4589651541083263,0.5282341209033665,0.3440326396593204,1,0.9754343455859659,1,0.29609738106697325
395,1,0.5109429981349007,1,0.8831167846443274,0.4589651541083263,0.5282341209033665,0.3440326396593204,1,0.9754343455859659,1,0.29609738106697325
396,1,0.5109429981349007,1,0.8831167846443274,0.4589651541083263,0.5282341209033665,0.3440326396593204,1,0.9754343455859659,1,0.29609738106697325
397,1,0.5109429981349007,1,0.8831167846443274,0.4589651541083263,0.5282341209033665,0.3440326396593204,1,0.9754343455859659,1,0.29609738106697325
398,1,0.5109429981349007,1,0.8831167846443274,0.4589651541083263,0.5282341209033665,0.3440326396593204,1,0.9754343455859659,1,0.29609738106697325
399,1,0.5109429981349007,1,0.8831167846443274,0.4589651541083263,0.5282341209033665,0.3440326396593204,1,0.9754343455859659,1,0.29609738106697325
400,1,0.5109429981349007,1,0.8831167846443274,0.4589651541083263,0.5282341209033665,0.3440326396593204,1,0.9754343455859659,1,0.29609738106697325
401,1,0.5109429981349007,1,0.8831167846443274,0.4589651541083263,0.5282341209033665,0.3440326396593204,1,0.9754343455859659,1,0.29609738106697325
402,1,0.5109429981349007,1,0.8831167846443274,0.4589651541083263,0.5282341209033665,0.3440326396593204,1,0.9754343455859659,1,0.29609738106697325
403,1,0.5109429981349007,1,0.8831167846443274,0.4589651541083263,0.5282341209033665,0.3440326396593204,1,0.9754343455859659,1,0.29609738106697325
404,1,0.5109429981349007,1,0.8831167846443274,0.4589651541083263,0.5282341209033665,0.3440326396593204,1,0.9754343455859659,1,0.29609738106697325
405,0.055594096769740364,0.4587207945194176,0.28689889054377027,0.40321054541172796,0.16952231895557135,0.5017249070899966,0.027900299202509915,0.28652205284762455,0.0779414588093078,0.9999810865817291,0.24000236536217256
406,0.04913071744262787,0.45858430240376413,0.2736047485971219,0.46811504457394726,0.22994380888864685,0.49380806809713407,0.07317428795732561,0.39710866903712394,0.060129206974843696,0.9999456468878553,0.1639513090018091
407,0.056957465673761476,0.4587444575857237,0.3016278929261176,0.4420598755910221,0.1647471478400372,0.5054199092644254,0.06587040200399974,0.2666179537531127,0.015442635051857168,0.9996931394041625,0.1824837426592696
408,0.4880796356757129,0.45820361840590806,0.3002150641270004,0.7708703622028473,0.807206593017568,0.4881001975060404,0.4644591380761023,0.42040793363105167,0.9607849566746112,0.9997745980331592,0.6178394402398646
409,0.03147099397645936,0.4585914662676063,0.29212579619979695,0.4034412559410674,0.09244467311878868,0.49592342447045634,0.06037430270046851,0.37913140944498513,0.12096985326659526,0.9999739684949013,0.17790470571512096
410,0.05269279218388223,0.4588880418298591,0.32638225379787533,0.45472303799628044,0.1277934755879333,0.5187314472995362,0.06442008594580506,0.28146174176627925,0.04894498334464126,1.0,0.24913615119425214
411,0.030414033520601014,0.45832048137338866,0.3524972044102259,0.529924537020978,0.25402631348716875,0.49106660703396754,0.09478420182593983,0.4337875963308814,0.3136425399941577,1.0,0.18852210918889156
412,0.050405314618350516,0.4587430594044196,0.3255182100799302,0.4553421777708604,0.2008023722409108,0.5175665992237075,0.05423061355248038,0.29290629539128255,0.048506842998033095,1.0,0.2062198058916036
413,0.06561592176629227,0.45869150610756415,0.28261063265279296,0.39353628689680875,0.14258279744168556,0.49753863808628396,0.030885539789923144,0.2974374961758758,0.028504107128754952,0.9999158130799606,0.19208070581878678
414,0.04861225515575962,0.45865711830745703,0.3049451674108473,0.44378862893761595,0.11617535968095016,0.5047473946656704,0.04732541263358825,0.3054076003740295,0.038435527180626705,1.0,0.20892774166341466
415,0.03910720094036868,0.4585968667646442,0.3005266148000517,0.40933516588885943,0.11498457371400461,0.4947262594630638,0.05125568656676427,0.36135750258398647,0.04140892945523311,1.0,0.20834540239076582
416,0.04718714415182668,0.4587838519191155,0.32039708211456885,0.437875728718937,0.17698782872539476,0.5046588142917201,0.04703533345222344,0.29369808284884236,0.026086383905035815,0.9999827942371692,0.17441401615759167
417,0.026642185024906895,0.45845782936907276,0.29247546158046445,0.48534614917257957,0.24448254803649938,0.49195501572070366,0.06727103315310046,0.42270411055123824,0.6810992829343601,0.9999614520419688,0.1167915336992742
418,0.048624003901320156,0.4585871999446889,0.29157094303341435,0.42881008056437053,0.29103875811323754,0.4921751287361502,0.05972710655959301,0.4493605034411754,0.02830153267479152,1.0,0.16445368057015164
419,0.05428732532336222,0.4587857124454666,0.3196832405787471,0.4646344754369216,0.19599894412573604,0.5205465892342318,0.05842969111274032,0.2734081717780694,0.04638818886892815,1.0,0.2742599468443646
420,0.05442390746603598,0.45876570995512045,0.3463646517329835,0.45736947869063027,0.09426136360417803,0.5007149778048207,0.047747603836080454,0.3018787320604428,0.040437894712243905,1.0,0.1537592566453685
421,0.06765610897162544,0.45886962049560787,0.2762025781592382,0.3979561014506673,0.2810154886458397,0.49990359855172883,0.1225301393149053,0.4716938028129838,0.9822919828602493,0.9995007579703891,0.23607026794873942
422,0.0729466679060593,0.43900437038333173,0.3302330554250078,0.44515730774064377,0.28068112520218735,0.48710877346610315,0.12202315332840696,0.47097477868442417,0.983214001751023,0.9995719749421061,0.23856031177764092
423,0.05804936418000439,0.45840257021069875,0.3075211071307029,0.8017082245801158,0.27368510128149726,0.546862796151784,0.09777858408108986,0.4746776499501496,1,0.9991287368785373,0.22979771787179248
424,0.09037564307840296,0.4590171353714677,0.33039248891216033,0.4386980760315925,0.274021514246672,0.5033673758577903,0.09888369674710362,0.4711919698076189,0.983039889051088,0.999577321376837,0.2320763338118511
425,0.0667484013838412,0.45867359969583865,0.3099597766855726,0.3887019386747198,0.2704219529886951,0.4950484093065528,0.10005119274579144,0.4725479090902057,0.9825697203060906,0.9992821815128459,0.23545176603666773
426,0.08165060329640572,0.43890056150706247,0.28192800014587716,0.42154933339747036,0.2757908894018192,0.48438912838992654,0.11268115377926746,0.47201407984520505,0.9825005262204869,0.9994616594385225,0.2349974325527564
427,0.06856795441851038,0.44897908096689654,0.29654179913516343,0.41794359882720356,0.26304790197540306,0.4984518436263148,0.12108986077085693,0.47205118592964135,0.9838536897954888,0.9994885160201016,0.23831656136998958
428,0.07359281188623623,0.4590464250737114,0.31835151262120387,0.4294254968829052,0.26977455746968293,0.49244838040634364,0.11098339637633448,0.46984556150234935,0.9821605754689078,0.9996073854240191,0.2348098111517415
429,0.06325886942118342,0.45912101177522513,0.3587890452361647,0.41733099451432865,0.27877682304461004,0.48179204080620275,0.14905760417879466,0.47064605647894553,0.982135346222262,0.9995812563958791,0.23536172686686052
430,0.08461183734172739,0.4387856648232652,0.29385099101915946,0.4229799090460007,0.2867116162285288,0.5302249448872267,0.12373325165348592,0.4724589969088495,0.9826436685236266,0.9994723776629688,0.2367269742086029
431,0.9033148572811396,0.45201652510659296,0.32857393473101926,0.5872871137674383,0.30587283705231416,0.5240061563166987,0.14523643767257444,0.36261622373120894,0.9817663380832027,0.9457104793467987,0.21463339988884378
432,0.6600114884782875,0.49888712187137296,0.357990389219351,0.8660982351751412,0.30326806321917266,0.4989359761867135,0.17462646757757982,0.2965451906105576,0.9801171413959627,0.95476260595635,0.21871396009504573
433,0.9213532736114539,0.5030300678512627,0.8647053933781803,0.8186931465010365,0.34492535386189693,0.568509377665057,0.27773779663712383,0.6349452798633575,0.9814379887235765,0.999614868535376,0.2476534813657758
434,0.09511960401211084,0.4710408787776287,0.32874090333018213,0.6924111864005842,0.29366707675770476,0.47185850366882254,0.16813707779254627,0.27847673336247314,0.9805792048620213,0.5572064652479232,0.2155036442673619
435,0.10664644319875938,0.4854567756013599,0.27290722151632807,0.877303161359545,0.29399219689298306,0.5730811309332327,0.09919861354468906,0.5591206513295401,0.9806782213083567,0.9997772481412217,0.20818881413147827
436,0.3028245245203537,0.45738753026171797,0.3132543129493135,0.8677188797990157,0.30248493891679673,0.5188450798287596,0.15829973977892886,0.33805476921846234,0.9817076454998321,0.8796122983982312,0.2149947321086898
437,0.9470321508617021,0.46416992084050357,0.3748877385215532,0.8637844453643875,0.3025743020146362,0.513170380804258,0.15935704404196804,0.2911656135294598,0.9835722972213422,0.7885784137942506,0.21596170793433866
438,0.9473134082311462,0.5292798062825708,0.4134615910070618,0.8558075480288271,0.29931813420881503,0.45847272762412716,0.20760503535903618,0.20211567781905004,0.9825853080361143,0.6301731451687145,0.20534318451049471
439,0.0872377352875372,0.47346496627727974,0.40668728741293736,0.4343559031624977,0.29735145474978975,0.529251232830829,0.1613703538513407,0.2209974460151528,0.9817375627675793,0.6878406336992939,0.22017432746337862
440,0.8342700811101825,0.46323236372910237,0.3172489943110607,0.6481456331425341,0.29815686940278063,0.5062201993900829,0.15579552591925094,0.28214576321023577,0.9814749429183438,0.9123933372608078,0.2170613633635584
